persona,organisation_nom,organisation_nom_legal,siren,siret,annee_creation,date_creation_source_url,adresse_ville,adresse_departement,adresse_region,site_web_url,linkedin_entreprise_url,type_structure,modalite_presume,preuve_modalite,contact_nom,contact_role,contact_linkedin_url,contact_email_public,contact_tel_public,source_contact_preuve,notes_qualite,score_fit,raisons_score
A,CFA MERCURE,CFA MERCURE,939717856,93971785600016,2025,https://annuaire-entreprises.data.gouv.fr/entreprise/939717856,PERPIGNAN,66,Occitanie,https://annuaire-entreprises.data.gouv.fr/entreprise/939717856,,CFA,presentiel,Déduit du nom/type (CFA = généralement présentiel),Stéphane Bouils,Gérant,,,,API recherche-entreprises.api.gouv.fr (SIREN 939717856),"Spécialité DGEFP: Enseignement, formation | 0 stagiaires déclarés",95,CFA identifié | Création 2025 (critère principal) | Hors IDF (66) | Confirmé base DGEFP
A,CFA PARVATI (SKOOL N'JOB),CFA PARVATI,940245996,94024599600019,2025,https://annuaire-entreprises.data.gouv.fr/entreprise/940245996,PERPIGNAN,66,Occitanie,https://annuaire-entreprises.data.gouv.fr/entreprise/940245996,,CFA,presentiel,Déduit du nom/type (CFA = généralement présentiel),Stéphane Bouils,Gérant,,,,API recherche-entreprises.api.gouv.fr (SIREN 940245996),Spécialité DGEFP: Autres... | 0 stagiaires déclarés,95,CFA identifié | Création 2025 (critère principal) | Hors IDF (66) | Confirmé base DGEFP
A,CFA TERRITOIRE ET METIERS,CFA TERRITOIRE ET METIERS,988774006,98877400600015,2025,https://annuaire-entreprises.data.gouv.fr/entreprise/988774006,SAINT-ANDRE,974,La Réunion,https://annuaire-entreprises.data.gouv.fr/entreprise/988774006,,CFA,presentiel,Déduit du nom/type (CFA = généralement présentiel),Jean Nourby,Gérant,,,,API recherche-entreprises.api.gouv.fr (SIREN 988774006),"Spécialité DGEFP: Commerce, vente | 0 stagiaires déclarés",95,CFA identifié | Création 2025 (critère principal) | Hors IDF (974) | Confirmé base DGEFP
A,AMCA CFA (AMCA CENTRE DE FORMATION POUR APPRENTIS),AMCA CFA,931706717,93170671700010,2024,https://annuaire-entreprises.data.gouv.fr/entreprise/931706717,SAINT-CHAMOND,42,Auvergne-Rhône-Alpes,https://annuaire-entreprises.data.gouv.fr/entreprise/931706717,,CFA,presentiel,Déduit du nom/type (CFA = généralement présentiel),Mariam Kessouri,Gérant,,,,API recherche-entreprises.api.gouv.fr (SIREN 931706717),Spécialité DGEFP: Spécialités plurivalentes sanitaires et sociales | 0 stagiaires déclarés,95,CFA identifié | Création 2024 (critère principal) | Hors IDF (42) | Confirmé base DGEFP
A,CFA PETITE CAMARGUE,CFA PETITE CAMARGUE,980896690,98089669000024,2023,https://annuaire-entreprises.data.gouv.fr/entreprise/980896690,LE CRES,34,Occitanie,https://annuaire-entreprises.data.gouv.fr/entreprise/980896690,,CFA,presentiel,Déduit du nom/type (CFA = généralement présentiel),Thibaud Molero,Président de SAS,,,,API recherche-entreprises.api.gouv.fr (SIREN 980896690),"Spécialité DGEFP: Commerce, vente | 17 stagiaires déclarés",95,CFA identifié | Création 2023 (critère principal) | Hors IDF (34) | Confirmé base DGEFP
A,CFA MOSELLE SUD,CFA MOSELLE SUD,983512120,98351212000012,2023,https://annuaire-entreprises.data.gouv.fr/entreprise/983512120,SARREBOURG,57,Grand Est,https://annuaire-entreprises.data.gouv.fr/entreprise/983512120,,CFA,presentiel,Déduit du nom/type (CFA = généralement présentiel),Amandine Cluzel-capelli (decotte),Directeur Général,,,,API recherche-entreprises.api.gouv.fr (SIREN 983512120),"Spécialité DGEFP: Comptabilité, gestion | 0 stagiaires déclarés",95,CFA identifié | Création 2023 (critère principal) | Hors IDF (57) | Confirmé base DGEFP
A,SAS CFA FORM'FACTORY LB,SAS CFA FORM'FACTORY LB,928762533,92876253300018,2024,https://annuaire-entreprises.data.gouv.fr/entreprise/928762533,VAULX-EN-VELIN,69,Auvergne-Rhône-Alpes,https://annuaire-entreprises.data.gouv.fr/entreprise/928762533,,CFA,presentiel,Déduit du nom/type (CFA = généralement présentiel),Karima Benahmed,Président de SAS,,,,API recherche-entreprises.api.gouv.fr (SIREN 928762533),"Spécialité DGEFP: Commerce, vente | 0 stagiaires déclarés",95,CFA identifié | Création 2024 (critère principal) | Hors IDF (69) | Confirmé base DGEFP
A,CFA AVENIR DES METIERS DU CHEVAL,CFA AVENIR DES METIERS DU CHEVAL,929857605,92985760500018,2024,https://annuaire-entreprises.data.gouv.fr/entreprise/929857605,VILLEBERNIER,49,Pays de la Loire,https://annuaire-entreprises.data.gouv.fr/entreprise/929857605,,CFA,presentiel,Déduit du nom/type (CFA = généralement présentiel),Edouard Chauvet,Directeur Général,,,,API recherche-entreprises.api.gouv.fr (SIREN 929857605),Spécialité DGEFP: Autres... | 0 stagiaires déclarés,95,CFA identifié | Création 2024 (critère principal) | Hors IDF (49) | Confirmé base DGEFP
A,SAS AFR OI CFA,SAS AFR OI CFA,937954626,93795462600019,2024,https://annuaire-entreprises.data.gouv.fr/entreprise/937954626,BRAS-PANON,974,La Réunion,https://annuaire-entreprises.data.gouv.fr/entreprise/937954626,,CFA,presentiel,Déduit du nom/type (CFA = généralement présentiel),Johnny Petiaye,Directeur Général,,,,API recherche-entreprises.api.gouv.fr (SIREN 937954626),Spécialité DGEFP: Spécialités plurivalentes des échanges et de la gestion | 0 stagiaires déclarés,95,CFA identifié | Création 2024 (critère principal) | Hors IDF (974) | Confirmé base DGEFP
A,NJR CONSEIL FORMATION AUDIT (NJR CFA),NJR CONSEIL FORMATION AUDIT,925050213,92505021300014,2023,https://annuaire-entreprises.data.gouv.fr/entreprise/925050213,LE MANS,72,Pays de la Loire,https://annuaire-entreprises.data.gouv.fr/entreprise/925050213,,CFA,presentiel,Déduit du nom/type (CFA = généralement présentiel),Jules Ngambi,Président de SAS,,,,API recherche-entreprises.api.gouv.fr (SIREN 925050213),0 stagiaires déclarés,95,CFA identifié | Création 2023 (critère principal) | Hors IDF (72) | Confirmé base DGEFP
A,CENTRE DE FORMATION D'APPRENTIS AVENIR PROFESSIONNEL (CFA AVENIR PROFESSIONNEL),CENTRE DE FORMATION D'APPRENTIS AVENIR PROFESSIONNEL,985281039,98528103900018,2024,https://annuaire-entreprises.data.gouv.fr/entreprise/985281039,SAINT-MARTIAL-DE-VALETTE,24,Nouvelle-Aquitaine,https://annuaire-entreprises.data.gouv.fr/entreprise/985281039,,CFA,presentiel,Déduit du nom/type (CFA = généralement présentiel),Valerie Desvard,Président de SAS,,,,API recherche-entreprises.api.gouv.fr (SIREN 985281039),"Spécialité DGEFP: Secrétariat, bureautique | 0 stagiaires déclarés",95,CFA identifié | Création 2024 (critère principal) | Hors IDF (24) | Confirmé base DGEFP
A,CENTRE DE FORMATION D'APPRENTIS DE LA MOBILITE (SARL),CENTRE DE FORMATION D'APPRENTIS DE LA MOBILITE,953823382,95382338200031,2023,https://annuaire-entreprises.data.gouv.fr/entreprise/953823382,BISCHHEIM,67,Grand Est,https://annuaire-entreprises.data.gouv.fr/entreprise/953823382,,CFA,presentiel,,Jonathan Hess,Gérant,,,,API recherche-entreprises.api.gouv.fr (SIREN 953823382),Spécialité DGEFP: Moteurs et mécanique auto | 156 stagiaires déclarés,95,CFA identifié | Création 2023 (critère principal) | Hors IDF (67) | Confirmé base DGEFP
A,AGRI APPRENTISSAGE,AGRI APPRENTISSAGE,943964957,94396495700014,2025,https://annuaire-entreprises.data.gouv.fr/entreprise/943964957,L'ETANG-SALE,974,La Réunion,https://annuaire-entreprises.data.gouv.fr/entreprise/943964957,,CFA,presentiel,CFA = généralement présentiel,Stéphanie Cantin,Gérant,,,,API recherche-entreprises.api.gouv.fr (SIREN 943964957),"Spécialité DGEFP: Productions végétales,cultures spécialisées | 0 stagiaires déclarés",95,CFA identifié | Création 2025 (critère principal) | Hors IDF (974) | Confirmé base DGEFP
A,ACADEMIE DE FORMATION ET D'APPRENTISSAGE,ACADEMIE DE FORMATION ET D'APPRENTISSAGE,937536746,93753674600012,2024,https://annuaire-entreprises.data.gouv.fr/entreprise/937536746,DZAOUDZI,976,Mayotte,https://annuaire-entreprises.data.gouv.fr/entreprise/937536746,,CFA,presentiel,CFA = généralement présentiel,Djayda Chamssidine,Président de SAS,,,,API recherche-entreprises.api.gouv.fr (SIREN 937536746),"Spécialité DGEFP: Agro-alimentaire, alimentation, cuisine | 0 stagiaires déclarés",95,CFA identifié | Création 2024 (critère principal) | Hors IDF (976) | Confirmé base DGEFP
A,HEA (HEALTH EDUCATION AND APPRENTISSAGE),HEA,948518097,94851809700019,2023,https://annuaire-entreprises.data.gouv.fr/entreprise/948518097,LILLE,59,Hauts-de-France,https://annuaire-entreprises.data.gouv.fr/entreprise/948518097,,CFA,presentiel,CFA = généralement présentiel,Sébastien Carbonnet,Président de SAS,,,,API recherche-entreprises.api.gouv.fr (SIREN 948518097),Spécialité DGEFP: Santé | 252 stagiaires déclarés,95,CFA identifié | Création 2023 (critère principal) | Hors IDF (59) | Confirmé base DGEFP
A,CFA CONNECT,CFA CONNECT,992890590,99289059000019,2025,https://annuaire-entreprises.data.gouv.fr/entreprise/992890590,CLERMONT-FERRAND,63,Auvergne-Rhône-Alpes,https://annuaire-entreprises.data.gouv.fr/entreprise/992890590,,CFA,presentiel,Déduit du nom/type (CFA = généralement présentiel),Florent Fabulet,Président de SAS,,,,API recherche-entreprises.api.gouv.fr (SIREN 992890590),,90,CFA identifié | Création 2025 (critère principal) | Hors IDF (63)
A,CFA OI (CFA OI),CFA OI,932136195,93213619500017,2024,https://annuaire-entreprises.data.gouv.fr/entreprise/932136195,SAINT-ANDRE,974,La Réunion,https://annuaire-entreprises.data.gouv.fr/entreprise/932136195,,CFA,presentiel,Déduit du nom/type (CFA = généralement présentiel),Marianne Lebreton,Directeur Général,,,,API recherche-entreprises.api.gouv.fr (SIREN 932136195),,90,CFA identifié | Création 2024 (critère principal) | Hors IDF (974)
A,ACADEMIR CFA,ACADEMIR CFA,990466963,99046696300016,2025,https://annuaire-entreprises.data.gouv.fr/entreprise/990466963,SAINT-ETIENNE,42,Auvergne-Rhône-Alpes,https://annuaire-entreprises.data.gouv.fr/entreprise/990466963,,CFA,presentiel,Déduit du nom/type (CFA = généralement présentiel),Mohammed Elkerbadji,Président de SAS,,,,API recherche-entreprises.api.gouv.fr (SIREN 990466963),"Spécialité DGEFP: Informatique, traitement de l'information, réseaux de transm | 0 stagiaires déclarés",95,CFA identifié | Création 2025 (critère principal) | Hors IDF (42) | Confirmé base DGEFP
A,BS ACADEMY CFA,BS ACADEMY CFA,990334518,99033451800018,2025,https://annuaire-entreprises.data.gouv.fr/entreprise/990334518,SAINT-ETIENNE,42,Auvergne-Rhône-Alpes,https://annuaire-entreprises.data.gouv.fr/entreprise/990334518,,CFA,presentiel,Déduit du nom/type (CFA = généralement présentiel),Nordine Gherib,Président de SAS,,,,API recherche-entreprises.api.gouv.fr (SIREN 990334518),,90,CFA identifié | Création 2025 (critère principal) | Hors IDF (42)
A,CFA TREMPLIN OCCITANIE (CFA TREMPLIN OCCITANIE),CFA TREMPLIN OCCITANIE,999743214,99974321400010,2026,https://annuaire-entreprises.data.gouv.fr/entreprise/999743214,LOURDES,65,Occitanie,https://annuaire-entreprises.data.gouv.fr/entreprise/999743214,,CFA,presentiel,Déduit du nom/type (CFA = généralement présentiel),Tarik Zanzoune,Président de SAS,,,,API recherche-entreprises.api.gouv.fr (SIREN 999743214),,90,CFA identifié | Création 2026 (critère principal) | Hors IDF (65)
A,CFA STUDIO AVENIR PRO (SKOOL N'JOB),CFA STUDIO AVENIR PRO,944604214,94460421400014,2025,https://annuaire-entreprises.data.gouv.fr/entreprise/944604214,VILLERS SUR FERE,02,Hauts-de-France,https://annuaire-entreprises.data.gouv.fr/entreprise/944604214,,CFA,presentiel,Déduit du nom/type (CFA = généralement présentiel),Stéphane Bouils,Gérant,,,,API recherche-entreprises.api.gouv.fr (SIREN 944604214),"Spécialité DGEFP: Enseignement, formation | 0 stagiaires déclarés",95,CFA identifié | Création 2025 (critère principal) | Hors IDF (02) | Confirmé base DGEFP
A,CFA AGDE MEDITERRANEE,CFA AGDE MEDITERRANEE,980899504,98089950400016,2023,https://annuaire-entreprises.data.gouv.fr/entreprise/980899504,AGDE,34,Occitanie,https://annuaire-entreprises.data.gouv.fr/entreprise/980899504,,CFA,presentiel,Déduit du nom/type (CFA = généralement présentiel),Thibaud Molero,Président de SAS,,,,API recherche-entreprises.api.gouv.fr (SIREN 980899504),,90,CFA identifié | Création 2023 (critère principal) | Hors IDF (34)
A,PIERRE BOURGER (BEE CFA),,951796051,95179605100013,2023,https://annuaire-entreprises.data.gouv.fr/entreprise/951796051,STRASBOURG,67,Grand Est,https://annuaire-entreprises.data.gouv.fr/entreprise/951796051,,CFA,presentiel,Déduit du nom/type (CFA = généralement présentiel),Pierre Bourger,,,,,API recherche-entreprises.api.gouv.fr (SIREN 951796051),,90,CFA identifié | Création 2023 (critère principal) | Hors IDF (67)
A,ADRIEN GALVAIN (FORMATION CFA),,995312030,99531203000019,2025,https://annuaire-entreprises.data.gouv.fr/entreprise/995312030,LE TEIL,07,Auvergne-Rhône-Alpes,https://annuaire-entreprises.data.gouv.fr/entreprise/995312030,,CFA,presentiel,Déduit du nom/type (CFA = généralement présentiel),Adrien Galvain,,,,,API recherche-entreprises.api.gouv.fr (SIREN 995312030),,90,CFA identifié | Création 2025 (critère principal) | Hors IDF (07)
A,MAY APPRENTISSAGE PLUS,MAY APPRENTISSAGE PLUS,988022968,98802296800016,2025,https://annuaire-entreprises.data.gouv.fr/entreprise/988022968,CHIRONGUI,976,Mayotte,https://annuaire-entreprises.data.gouv.fr/entreprise/988022968,,CFA,presentiel,CFA = généralement présentiel,Karim Es soulami,Président de SAS,,,,API recherche-entreprises.api.gouv.fr (SIREN 988022968),,90,CFA identifié | Création 2025 (critère principal) | Hors IDF (976)
A,CFA GRAND SUD (SKOOL N'JOB),CFA GRAND SUD,940754229,94075422900018,2025,https://annuaire-entreprises.data.gouv.fr/entreprise/940754229,RAMONVILLE-SAINT-AGNE,31,Occitanie,https://annuaire-entreprises.data.gouv.fr/entreprise/940754229,,CFA,presentiel,Déduit du nom/type (CFA = généralement présentiel),,,,,,,"Spécialité DGEFP: Enseignement, formation | 0 stagiaires déclarés",80,CFA identifié | Création 2025 (critère principal) | Hors IDF (31) | Confirmé base DGEFP
A,3AIM CFA,3AIM CFA,937988905,93798890500017,2024,https://annuaire-entreprises.data.gouv.fr/entreprise/937988905,SAINT-ANDRE,974,La Réunion,https://annuaire-entreprises.data.gouv.fr/entreprise/937988905,,CFA,presentiel,Déduit du nom/type (CFA = généralement présentiel),,,,,,,Spécialité DGEFP: Autres... | 0 stagiaires déclarés,80,CFA identifié | Création 2024 (critère principal) | Hors IDF (974) | Confirmé base DGEFP
A,CFA MAISON DE LA COIFFURE,CFA MAISON DE LA COIFFURE,931828438,93182843800016,2024,https://annuaire-entreprises.data.gouv.fr/entreprise/931828438,LIMOGES,87,Nouvelle-Aquitaine,https://annuaire-entreprises.data.gouv.fr/entreprise/931828438,,CFA,presentiel,Déduit du nom/type (CFA = généralement présentiel),,,,,,,"Spécialité DGEFP: Coiffure, esthétique et autres spécialités des services aux  | 0 stagiaires déclarés",80,CFA identifié | Création 2024 (critère principal) | Hors IDF (87) | Confirmé base DGEFP
A,ASSOCIATION DE GESTION DU CFA MTA (CFA MTA),ASSOCIATION DE GESTION DU CFA MTA,923338065,92333806500017,2023,https://annuaire-entreprises.data.gouv.fr/entreprise/923338065,CHATEAUDUN,28,Centre-Val de Loire,https://annuaire-entreprises.data.gouv.fr/entreprise/923338065,,CFA,presentiel,Déduit du nom/type (CFA = généralement présentiel),,,,,,,Spécialité DGEFP: Spécialités plurivalentes de l'agronomie et de l'agriculture | 212 stagiaires déclarés,80,CFA identifié | Création 2023 (critère principal) | Hors IDF (28) | Confirmé base DGEFP
A,CENTRE FAHD DE FORMATION (AUDE FORMATION SECURITE PRIVEE),CENTRE FAHD DE FORMATION,982049652,98204965200026,2023,https://annuaire-entreprises.data.gouv.fr/entreprise/982049652,NARBONNE,11,Occitanie,https://annuaire-entreprises.data.gouv.fr/entreprise/982049652,,OF,presentiel,,Hafid Alayoud,Président de SAS,,,,API recherche-entreprises.api.gouv.fr (SIREN 982049652),Spécialité DGEFP: Autres... | 0 stagiaires déclarés,85,Organisme de formation confirmé | Création 2023 (critère principal) | Hors IDF (11) | Confirmé base DGEFP
A,CENTRE DE FORMATION ESPACE CONDUITE NANTES,CENTRE DE FORMATION ESPACE CONDUITE NANTES,980569040,98056904000010,2023,https://annuaire-entreprises.data.gouv.fr/entreprise/980569040,NANTES,44,Pays de la Loire,https://annuaire-entreprises.data.gouv.fr/entreprise/980569040,,OF,presentiel,,Cyrille Taibaly,Président de SAS,,,,API recherche-entreprises.api.gouv.fr (SIREN 980569040),"Spécialité DGEFP: Enseignement, formation | 5 stagiaires déclarés",85,Organisme de formation confirmé | Création 2023 (critère principal) | Hors IDF (44) | Confirmé base DGEFP
A,CENTRE DE FORMATION LE VIEUX MONASTERE,CENTRE DE FORMATION LE VIEUX MONASTERE,939619987,93961998700018,2025,https://annuaire-entreprises.data.gouv.fr/entreprise/939619987,SAINT-HILAIRE-DE-VILLEFRANCHE,17,Nouvelle-Aquitaine,https://annuaire-entreprises.data.gouv.fr/entreprise/939619987,,OF,presentiel,,Jérémy Vaqueta,Président de SAS,,,,API recherche-entreprises.api.gouv.fr (SIREN 939619987),"Spécialité DGEFP: Droit, sciences politiques | 0 stagiaires déclarés",85,Organisme de formation confirmé | Création 2025 (critère principal) | Hors IDF (17) | Confirmé base DGEFP
A,MAGSCHOOL CENTRE DE FORMATION EN LANGUES,MAGSCHOOL CENTRE DE FORMATION EN LANGUES,939873493,93987349300018,2025,https://annuaire-entreprises.data.gouv.fr/entreprise/939873493,NANTES,44,Pays de la Loire,https://annuaire-entreprises.data.gouv.fr/entreprise/939873493,,OF,presentiel,,Magdalena Leduchowska-vasseur (leduchowska),Gérant,,,,API recherche-entreprises.api.gouv.fr (SIREN 939873493),"Spécialité DGEFP: Langues vivantes, civilisations étrangères et régionales | 0 stagiaires déclarés",85,Organisme de formation confirmé | Création 2025 (critère principal) | Hors IDF (44) | Confirmé base DGEFP
A,OFAC (ORGANISME DE FORMATION D'ANISSA CHARFEDDINE) (OFAC),OFAC (ORGANISME DE FORMATION D'ANISSA CHARFEDDINE),982538308,98253830800015,2023,https://annuaire-entreprises.data.gouv.fr/entreprise/982538308,MARSEILLE,13,Provence-Alpes-Côte d'Azur,https://annuaire-entreprises.data.gouv.fr/entreprise/982538308,,OF,inconnu,,Anissa Charfeddine,Président de SAS,,,,API recherche-entreprises.api.gouv.fr (SIREN 982538308),Spécialité DGEFP: Formations générales | 31 stagiaires déclarés,85,Organisme de formation confirmé | Création 2023 (critère principal) | Hors IDF (13) | Confirmé base DGEFP
A,SMDA FORMATION SAS SOCIETE MEDICO-DENTAIRE DES ANTILLES FORMATION SAS (OMDA ORGANISME MEDICO-DENTAIRE DES ANTILLES) (SMDA),SMDA FORMATION SAS SOCIETE MEDICO-DENTAIRE DES ANTILLES FORMATION SAS,980474159,98047415900012,2023,https://annuaire-entreprises.data.gouv.fr/entreprise/980474159,BAIE-MAHAULT,971,Guadeloupe,https://annuaire-entreprises.data.gouv.fr/entreprise/980474159,,OF,inconnu,,Simon Beaupin-poret (beaupin),Président de SAS,,,,API recherche-entreprises.api.gouv.fr (SIREN 980474159),Spécialité DGEFP: Santé | 0 stagiaires déclarés,85,Organisme de formation confirmé | Création 2023 (critère principal) | Hors IDF (971) | Confirmé base DGEFP
A,FORMATION REGIONALE ACADEMIQUE ET PROFESSIONNELLE (F.R.A.P) (F.R.A.P),FORMATION REGIONALE ACADEMIQUE ET PROFESSIONNELLE,978061398,97806139800019,2023,https://annuaire-entreprises.data.gouv.fr/entreprise/978061398,SAINT-DENIS,974,La Réunion,https://annuaire-entreprises.data.gouv.fr/entreprise/978061398,,OF,inconnu,,Asad Amode adame,Directeur Général,,,,API recherche-entreprises.api.gouv.fr (SIREN 978061398),Spécialité DGEFP: Formations générales | 53 stagiaires déclarés,85,Organisme de formation confirmé | Création 2023 (critère principal) | Hors IDF (974) | Confirmé base DGEFP
A,INSTITUT DE FORMATION ET ACCOMPAGNEMENT DES PROFESSIONNELS (IFAAP) (IFAAP),INSTITUT DE FORMATION ET ACCOMPAGNEMENT DES PROFESSIONNELS,939314704,93931470400015,2025,https://annuaire-entreprises.data.gouv.fr/entreprise/939314704,BON-ENCONTRE,47,Nouvelle-Aquitaine,https://annuaire-entreprises.data.gouv.fr/entreprise/939314704,,OF,inconnu,,Julien Coyart,Président de SAS,,,,API recherche-entreprises.api.gouv.fr (SIREN 939314704),Spécialité DGEFP: Autres... | 0 stagiaires déclarés,85,Organisme de formation confirmé | Création 2025 (critère principal) | Hors IDF (47) | Confirmé base DGEFP
A,CENTRE DE FORMATION PROFESSIONNELLE DU TERTIAIRE ET DE L'INDUSTRIE HOTELIERE (CFPTIH),CENTRE DE FORMATION PROFESSIONNELLE DU TERTIAIRE ET DE L'INDUSTRIE HOTELIERE,992281063,99228106300014,2025,https://annuaire-entreprises.data.gouv.fr/entreprise/992281063,MARSEILLE,13,Provence-Alpes-Côte d'Azur,https://annuaire-entreprises.data.gouv.fr/entreprise/992281063,,OF,presentiel,,Nicolas Attard,Gérant,,,,API recherche-entreprises.api.gouv.fr (SIREN 992281063),"Spécialité DGEFP: Ressources humaines, gestion du personnel, gestion de l'empl | 0 stagiaires déclarés",85,Organisme de formation confirmé | Création 2025 (critère principal) | Hors IDF (13) | Confirmé base DGEFP
A,TRAJECTIO FORMATION,TRAJECTIO FORMATION,934780230,93478023000017,2024,https://annuaire-entreprises.data.gouv.fr/entreprise/934780230,LILLE,59,Hauts-de-France,https://annuaire-entreprises.data.gouv.fr/entreprise/934780230,,CFA,inconnu,,Eric Thoilliez,Directeur Général,,,,API recherche-entreprises.api.gouv.fr (SIREN 934780230),Spécialité DGEFP: Autres... | 0 stagiaires déclarés,85,Organisme de formation confirmé | Création 2024 (critère principal) | Hors IDF (59) | Confirmé base DGEFP
A,GMP FORMATION,GMP FORMATION,953065471,95306547100013,2023,https://annuaire-entreprises.data.gouv.fr/entreprise/953065471,TOULOUSE,31,Occitanie,https://annuaire-entreprises.data.gouv.fr/entreprise/953065471,,OF,inconnu,,Gaël Margot,Gérant,,,,API recherche-entreprises.api.gouv.fr (SIREN 953065471),"Spécialité DGEFP: Secrétariat, bureautique | 69 stagiaires déclarés",85,Organisme de formation confirmé | Création 2023 (critère principal) | Hors IDF (31) | Confirmé base DGEFP
A,EVENT-FORMATIONS,EVENT-FORMATIONS,948725130,94872513000017,2023,https://annuaire-entreprises.data.gouv.fr/entreprise/948725130,ROCBARON,83,Provence-Alpes-Côte d'Azur,https://annuaire-entreprises.data.gouv.fr/entreprise/948725130,,OF,inconnu,,Patrice Burle,Gérant,,,,API recherche-entreprises.api.gouv.fr (SIREN 948725130),Spécialité DGEFP: Formations générales | 129 stagiaires déclarés,85,Organisme de formation confirmé | Création 2023 (critère principal) | Hors IDF (83) | Confirmé base DGEFP
A,LADBN FORMATION (LADBN FORMATION),LADBN FORMATION,988372926,98837292600010,2025,https://annuaire-entreprises.data.gouv.fr/entreprise/988372926,THIEFOSSE,88,Grand Est,https://annuaire-entreprises.data.gouv.fr/entreprise/988372926,,OF,inconnu,,Mélissa Serfague (serfague),Président de SAS,,,,API recherche-entreprises.api.gouv.fr (SIREN 988372926),"Spécialité DGEFP: Coiffure, esthétique et autres spécialités des services aux  | 0 stagiaires déclarés",85,Organisme de formation confirmé | Création 2025 (critère principal) | Hors IDF (88) | Confirmé base DGEFP
A,EFH FORMATION (EFH),EFH FORMATION,989277264,98927726400010,2025,https://annuaire-entreprises.data.gouv.fr/entreprise/989277264,L'ETANG-SALE,974,La Réunion,https://annuaire-entreprises.data.gouv.fr/entreprise/989277264,,CFA,inconnu,,Fabien Heno,Gérant,,,,API recherche-entreprises.api.gouv.fr (SIREN 989277264),"Spécialité DGEFP: Secrétariat, bureautique | 0 stagiaires déclarés",85,Organisme de formation confirmé | Création 2025 (critère principal) | Hors IDF (974) | Confirmé base DGEFP
A,FORMATION MISSJNAILS06 (FORMATION MISSJNAILS06),FORMATION MISSJNAILS06,934395146,93439514600012,2024,https://annuaire-entreprises.data.gouv.fr/entreprise/934395146,NICE,06,Provence-Alpes-Côte d'Azur,https://annuaire-entreprises.data.gouv.fr/entreprise/934395146,,OF,inconnu,,Johana Maillet (maillet),Gérant,,,,API recherche-entreprises.api.gouv.fr (SIREN 934395146),"Spécialité DGEFP: Coiffure, esthétique et autres spécialités des services aux  | 0 stagiaires déclarés",85,Organisme de formation confirmé | Création 2024 (critère principal) | Hors IDF (06) | Confirmé base DGEFP
A,FORMATION PRECISION,FORMATION PRECISION,938912623,93891262300015,2025,https://annuaire-entreprises.data.gouv.fr/entreprise/938912623,LILLE,59,Hauts-de-France,https://annuaire-entreprises.data.gouv.fr/entreprise/938912623,,OF,inconnu,,Safia Bensaad (bensaad),Président de SAS,,,,API recherche-entreprises.api.gouv.fr (SIREN 938912623),"Spécialité DGEFP: Coiffure, esthétique et autres spécialités des services aux  | 0 stagiaires déclarés",85,Organisme de formation confirmé | Création 2025 (critère principal) | Hors IDF (59) | Confirmé base DGEFP
A,ACADEMIE BEAUTE FORMATIONS,ACADEMIE BEAUTE FORMATIONS,951226539,95122653900017,2023,https://annuaire-entreprises.data.gouv.fr/entreprise/951226539,GRENOBLE,38,Auvergne-Rhône-Alpes,https://annuaire-entreprises.data.gouv.fr/entreprise/951226539,,OF,inconnu,,Axel Lo monaco,Gérant,,,,API recherche-entreprises.api.gouv.fr (SIREN 951226539),"Spécialité DGEFP: Coiffure, esthétique et autres spécialités des services aux  | 14 stagiaires déclarés",85,Organisme de formation confirmé | Création 2023 (critère principal) | Hors IDF (38) | Confirmé base DGEFP
A,MV MEIGNAN FORMATIONS,MV MEIGNAN FORMATIONS,989962279,98996227900018,2025,https://annuaire-entreprises.data.gouv.fr/entreprise/989962279,AUCH,32,Occitanie,https://annuaire-entreprises.data.gouv.fr/entreprise/989962279,,CFA,inconnu,,Virginie Estrada (meignan),Directeur Général,,,,API recherche-entreprises.api.gouv.fr (SIREN 989962279),"Spécialité DGEFP: Coiffure, esthétique et autres spécialités des services aux  | 0 stagiaires déclarés",85,Organisme de formation confirmé | Création 2025 (critère principal) | Hors IDF (32) | Confirmé base DGEFP
A,CFA FORMACCESS,CFA FORMACCESS,914671409,91467140900011,2022,https://annuaire-entreprises.data.gouv.fr/entreprise/914671409,SAINT-DENIS,974,La Réunion,https://annuaire-entreprises.data.gouv.fr/entreprise/914671409,,CFA,presentiel,Déduit du nom/type (CFA = généralement présentiel),Nicolas Lefevre,Président de SAS,,,,API recherche-entreprises.api.gouv.fr (SIREN 914671409),Élargissement 2022 (critère initial: 2023+),80,CFA identifié | Création 2022 (élargissement) | Hors IDF (974)
A,CENTRE D'APPRENTISSAGE ET DE FORMATION POUR L'EPANOUISSEMENT ET LE SAVOIR (C.A.F.E.S. FORMATION),CENTRE D'APPRENTISSAGE ET DE FORMATION POUR L'EPANOUISSEMENT ET LE SAVOIR,918768474,91876847400010,2022,https://annuaire-entreprises.data.gouv.fr/entreprise/918768474,SAINT-PIERRE,974,La Réunion,https://annuaire-entreprises.data.gouv.fr/entreprise/918768474,,CFA,presentiel,,Eric Pongerard,Président de SAS,,,,API recherche-entreprises.api.gouv.fr (SIREN 918768474),Élargissement 2022 (critère initial: 2023+) | Spécialité DGEFP: Spécialités concernant plusieurs capacités | 14 stagiaires déclarés,85,CFA identifié | Création 2022 (élargissement) | Hors IDF (974) | Confirmé base DGEFP
A,CENTRE D'INNOVATION POUR LA QUALIFICATION ET L'APPRENTISSAGE (CIQA) (CIQA),CENTRE D'INNOVATION POUR LA QUALIFICATION ET L'APPRENTISSAGE,949864771,94986477100017,2022,https://annuaire-entreprises.data.gouv.fr/entreprise/949864771,EAUZE,32,Occitanie,https://annuaire-entreprises.data.gouv.fr/entreprise/949864771,,CFA,presentiel,,Alexandre Martin (martin),Directeur Général,,,,API recherche-entreprises.api.gouv.fr (SIREN 949864771),Élargissement 2022 (critère initial: 2023+),80,CFA identifié | Création 2022 (élargissement) | Hors IDF (32)
A,ADX CFA,ADX CFA,939054540,93905454000017,2024,https://annuaire-entreprises.data.gouv.fr/entreprise/939054540,CHATEAU-GONTIER-SUR-MAYENNE,53,Pays de la Loire,https://annuaire-entreprises.data.gouv.fr/entreprise/939054540,,CFA,presentiel,Déduit du nom/type (CFA = généralement présentiel),,,,,,,,75,CFA identifié | Création 2024 (critère principal) | Hors IDF (53)
A,CFA ACADEMOS,CFA ACADEMOS,991360413,99136041300017,2025,https://annuaire-entreprises.data.gouv.fr/entreprise/991360413,TOULON,83,Provence-Alpes-Côte d'Azur,https://annuaire-entreprises.data.gouv.fr/entreprise/991360413,,CFA,presentiel,Déduit du nom/type (CFA = généralement présentiel),,,,,,,,75,CFA identifié | Création 2025 (critère principal) | Hors IDF (83)
A,CFA DES ARDENNES,CFA DES ARDENNES,100019801,10001980100016,2026,https://annuaire-entreprises.data.gouv.fr/entreprise/100019801,CHARLEVILLE-MEZIERES,08,Grand Est,https://annuaire-entreprises.data.gouv.fr/entreprise/100019801,,CFA,presentiel,Déduit du nom/type (CFA = généralement présentiel),,,,,,,,75,CFA identifié | Création 2026 (critère principal) | Hors IDF (08)
A,CFA AUGUSTE PERRET,CFA AUGUSTE PERRET,930105606,93010560600022,2024,https://annuaire-entreprises.data.gouv.fr/entreprise/930105606,SALIGNAC,04,Provence-Alpes-Côte d'Azur,https://annuaire-entreprises.data.gouv.fr/entreprise/930105606,,CFA,presentiel,Déduit du nom/type (CFA = généralement présentiel),,,,,,,,75,CFA identifié | Création 2024 (critère principal) | Hors IDF (04)
A,CFA A DOMICILE,CFA A DOMICILE,990476947,99047694700017,2025,https://annuaire-entreprises.data.gouv.fr/entreprise/990476947,MAGNY LE DESERT,61,Normandie,https://annuaire-entreprises.data.gouv.fr/entreprise/990476947,,CFA,presentiel,Déduit du nom/type (CFA = généralement présentiel),,,,,,,,75,CFA identifié | Création 2025 (critère principal) | Hors IDF (61)
A,CENTRE DE FORMATION LAVENT (CFLA),CENTRE DE FORMATION LAVENT,908456650,90845665000013,2022,https://annuaire-entreprises.data.gouv.fr/entreprise/908456650,COSNAC,19,Nouvelle-Aquitaine,https://annuaire-entreprises.data.gouv.fr/entreprise/908456650,,OF,presentiel,,Alexandre Lavent,Directeur Général,,,,API recherche-entreprises.api.gouv.fr (SIREN 908456650),"Élargissement 2022 (critère initial: 2023+) | Spécialité DGEFP: Transport, manutention, magasinage | 84 stagiaires déclarés",75,Organisme de formation confirmé | Création 2022 (élargissement) | Hors IDF (19) | Confirmé base DGEFP
A,CENTRE NATIONAL DE FORMATIONS (CNF),CENTRE NATIONAL DE FORMATIONS,914847777,91484777700028,2022,https://annuaire-entreprises.data.gouv.fr/entreprise/914847777,VILLARS,42,Auvergne-Rhône-Alpes,https://annuaire-entreprises.data.gouv.fr/entreprise/914847777,,OF,presentiel,,Senaa Benhadj mohamed,Directeur général délégué,,,,API recherche-entreprises.api.gouv.fr (SIREN 914847777),Élargissement 2022 (critère initial: 2023+) | Spécialité DGEFP: Linguistique | 227 stagiaires déclarés,75,Organisme de formation confirmé | Création 2022 (élargissement) | Hors IDF (42) | Confirmé base DGEFP
A,CENTRE DE FORMATION ET CONSEILS (CENTRE DE FORMATION ET CONSEILS) (CFC),CENTRE DE FORMATION ET CONSEILS,918045063,91804506300024,2022,https://annuaire-entreprises.data.gouv.fr/entreprise/918045063,CHATELLERAULT,86,Nouvelle-Aquitaine,https://annuaire-entreprises.data.gouv.fr/entreprise/918045063,,OF,presentiel,,Hanane Ben embarek (maameri),Président de SAS,,,,API recherche-entreprises.api.gouv.fr (SIREN 918045063),"Élargissement 2022 (critère initial: 2023+) | Spécialité DGEFP: Enseignement, formation | 3 stagiaires déclarés",75,Organisme de formation confirmé | Création 2022 (élargissement) | Hors IDF (86) | Confirmé base DGEFP
A,CENTRE DE FORMATION ET PREVENTION HAAS (CFPH),CENTRE DE FORMATION ET PREVENTION HAAS,941558561,94155856100028,2025,https://annuaire-entreprises.data.gouv.fr/entreprise/941558561,SELESTAT,67,Grand Est,https://annuaire-entreprises.data.gouv.fr/entreprise/941558561,,OF,presentiel,,Julien Muller,Directeur Général,,,,API recherche-entreprises.api.gouv.fr (SIREN 941558561),Spécialité DGEFP: Formations générales | 0 stagiaires déclarés,85,Organisme de formation confirmé | Création 2025 (critère principal) | Hors IDF (67) | Confirmé base DGEFP
A,ONFIP  : ORGANISME NATIONAL DE FORMATIONS D'INTERET PUBLIC (ONFIP),ONFIP  : ORGANISME NATIONAL DE FORMATIONS D'INTERET PUBLIC,922168711,92216871100021,2022,https://annuaire-entreprises.data.gouv.fr/entreprise/922168711,FLAYOSC,83,Provence-Alpes-Côte d'Azur,https://annuaire-entreprises.data.gouv.fr/entreprise/922168711,,OF,inconnu,,Fabien Matras,Gérant,,,,API recherche-entreprises.api.gouv.fr (SIREN 922168711),"Élargissement 2022 (critère initial: 2023+) | Spécialité DGEFP: Sécurité des biens et des personnes, police, surveillance | 63 stagiaires déclarés",75,Organisme de formation confirmé | Création 2022 (élargissement) | Hors IDF (83) | Confirmé base DGEFP
A,FABRICE GALERNE (ORGANISME DE FORMATIONS),,985376060,98537606000010,2024,https://annuaire-entreprises.data.gouv.fr/entreprise/985376060,SAINT-SYMPHORIEN,33,Nouvelle-Aquitaine,https://annuaire-entreprises.data.gouv.fr/entreprise/985376060,,OF,inconnu,,Fabrice Galerne,,,,,API recherche-entreprises.api.gouv.fr (SIREN 985376060),"Spécialité DGEFP: Enseignement, formation | 0 stagiaires déclarés",85,Organisme de formation confirmé | Création 2024 (critère principal) | Hors IDF (33) | Confirmé base DGEFP
A,LAURENT DE BALMANN (OFR ORGANISME DE FORMATION ROUTIERE),,930613955,93061395500010,2024,https://annuaire-entreprises.data.gouv.fr/entreprise/930613955,GIGNAC-LA-NERTHE,13,Provence-Alpes-Côte d'Azur,https://annuaire-entreprises.data.gouv.fr/entreprise/930613955,,OF,inconnu,,Laurent De balmann,,,,,API recherche-entreprises.api.gouv.fr (SIREN 930613955),Spécialité DGEFP: Autres... | 0 stagiaires déclarés,85,Organisme de formation confirmé | Création 2024 (critère principal) | Hors IDF (13) | Confirmé base DGEFP
A,FORMATION PROFESSIONNELLE 42,FORMATION PROFESSIONNELLE 42,948464599,94846459900018,2023,https://annuaire-entreprises.data.gouv.fr/entreprise/948464599,HYERES,83,Provence-Alpes-Côte d'Azur,https://annuaire-entreprises.data.gouv.fr/entreprise/948464599,,OF,inconnu,,Kevin Gay,Président de SAS,,,,API recherche-entreprises.api.gouv.fr (SIREN 948464599),0 stagiaires déclarés,85,Organisme de formation confirmé | Création 2023 (critère principal) | Hors IDF (83) | Confirmé base DGEFP
A,AIDTOI FORMATION PROFESSIONNELLE (AIDTOI FORMATION PROFESSIONNELLE),AIDTOI FORMATION PROFESSIONNELLE,949228126,94922812600015,2023,https://annuaire-entreprises.data.gouv.fr/entreprise/949228126,SAINT-PAUL-EN-FORET,83,Provence-Alpes-Côte d'Azur,https://annuaire-entreprises.data.gouv.fr/entreprise/949228126,,OF,inconnu,,Xavier Menetrier,Gérant,,,,API recherche-entreprises.api.gouv.fr (SIREN 949228126),Spécialité DGEFP: Autres... | 0 stagiaires déclarés,85,Organisme de formation confirmé | Création 2023 (critère principal) | Hors IDF (83) | Confirmé base DGEFP
A,CENTRE DE FORMATION PROFESSIONNELLE SPECIFIQUE (CFPS),CENTRE DE FORMATION PROFESSIONNELLE SPECIFIQUE,912752821,91275282100013,2022,https://annuaire-entreprises.data.gouv.fr/entreprise/912752821,SALON-DE-PROVENCE,13,Provence-Alpes-Côte d'Azur,https://annuaire-entreprises.data.gouv.fr/entreprise/912752821,,OF,presentiel,,Alex Batillat,Président de SAS,,,,API recherche-entreprises.api.gouv.fr (SIREN 912752821),Élargissement 2022 (critère initial: 2023+) | Spécialité DGEFP: Formations générales | 69 stagiaires déclarés,75,Organisme de formation confirmé | Création 2022 (élargissement) | Hors IDF (13) | Confirmé base DGEFP
A,ECP APPRENTISSAGE,ECP APPRENTISSAGE,913665329,91366532900011,2022,https://annuaire-entreprises.data.gouv.fr/entreprise/913665329,STRASBOURG,67,Grand Est,https://annuaire-entreprises.data.gouv.fr/entreprise/913665329,,CFA,presentiel,CFA = généralement présentiel,,,,,,,"Élargissement 2022 (critère initial: 2023+) | Spécialité DGEFP: Finances, banque, assurances | 190 stagiaires déclarés",70,CFA identifié | Création 2022 (élargissement) | Hors IDF (67) | Confirmé base DGEFP
A,"ALLIANCE EN RECHERCHE CLINIQUE POUR LE DEVELOPPEMENT D'EXPERTISE DES METIERS, PAR L'APPRENTISSAGE, DES TECHNIQUES AVANCE","ALLIANCE EN RECHERCHE CLINIQUE POUR LE DEVELOPPEMENT D'EXPERTISE DES METIERS, PAR L'APPRENTISSAGE, DES TECHNIQUES AVANCE",993684786,99368478600011,2023,https://annuaire-entreprises.data.gouv.fr/entreprise/993684786,LES MONTS D'AUNAY,14,Normandie,https://annuaire-entreprises.data.gouv.fr/entreprise/993684786,,CFA,presentiel,CFA = généralement présentiel,,,,,,,,75,CFA identifié | Création 2023 (critère principal) | Hors IDF (14)
A,FORMATION ALTERNANCE SUPERIEURE (FASUP') (FASUP'),FORMATION ALTERNANCE SUPERIEURE,910942028,91094202800358,2022,https://annuaire-entreprises.data.gouv.fr/entreprise/910942028,BORDEAUX,33,Nouvelle-Aquitaine,https://annuaire-entreprises.data.gouv.fr/entreprise/910942028,,CFA,inconnu,,Stéphane Girtanner,Commissaire aux comptes titulaire,,,,API recherche-entreprises.api.gouv.fr (SIREN 910942028),"Élargissement 2022 (critère initial: 2023+) | Spécialité DGEFP: Commerce, vente | 87 stagiaires déclarés",75,Organisme de formation confirmé | Création 2022 (élargissement) | Hors IDF (33) | Confirmé base DGEFP
A,ANFISSA FORMATIONS,ANFISSA FORMATIONS,914833009,91483300900022,2022,https://annuaire-entreprises.data.gouv.fr/entreprise/914833009,HARDIFORT,59,Hauts-de-France,https://annuaire-entreprises.data.gouv.fr/entreprise/914833009,,OF,inconnu,,Estelle Peze (muylaert),Président de SAS,,,,API recherche-entreprises.api.gouv.fr (SIREN 914833009),"Élargissement 2022 (critère initial: 2023+) | Spécialité DGEFP: Electricité, électronique (non compris automatisme et produc | 493 stagiaires déclarés",75,Organisme de formation confirmé | Création 2022 (élargissement) | Hors IDF (59) | Confirmé base DGEFP
A,BONSIGNE FORMATION,BONSIGNE FORMATION,919835488,91983548800017,2022,https://annuaire-entreprises.data.gouv.fr/entreprise/919835488,JOUE-LES-TOURS,37,Centre-Val de Loire,https://annuaire-entreprises.data.gouv.fr/entreprise/919835488,,CFA,inconnu,,Nathalie Bonsigne,Gérant,,,,API recherche-entreprises.api.gouv.fr (SIREN 919835488),"Élargissement 2022 (critère initial: 2023+) | Spécialité DGEFP: Coiffure, esthétique et autres spécialités des services aux  | 15 stagiaires déclarés",75,Organisme de formation confirmé | Création 2022 (élargissement) | Hors IDF (37) | Confirmé base DGEFP
A,POLE DE FORMATION PASTEUR (ECOLE TECHNIQUE PASTEUR),POLE DE FORMATION PASTEUR,910189604,91018960400010,2022,https://annuaire-entreprises.data.gouv.fr/entreprise/910189604,BETHENY,51,Grand Est,https://annuaire-entreprises.data.gouv.fr/entreprise/910189604,,CFA,inconnu,,Anne-valerie Aujames,Directeur Général,,,,API recherche-entreprises.api.gouv.fr (SIREN 910189604),"Élargissement 2022 (critère initial: 2023+) | Spécialité DGEFP: Productions animales, élevage spécialisé, aquaculture, ... | 1491 stagiaires déclarés",75,Organisme de formation confirmé | Création 2022 (élargissement) | Hors IDF (51) | Confirmé base DGEFP
A,SG FORMATION,SG FORMATION,922290333,92229033300017,2022,https://annuaire-entreprises.data.gouv.fr/entreprise/922290333,THUN-L'EVEQUE,59,Hauts-de-France,https://annuaire-entreprises.data.gouv.fr/entreprise/922290333,,OF,inconnu,,Audrey Guidez (grau),Gérant,,,,API recherche-entreprises.api.gouv.fr (SIREN 922290333),"Élargissement 2022 (critère initial: 2023+) | Spécialité DGEFP: Langues vivantes, civilisations étrangères et régionales | 373 stagiaires déclarés",75,Organisme de formation confirmé | Création 2022 (élargissement) | Hors IDF (59) | Confirmé base DGEFP
A,FORMATION NOURBY LEADER PRO,FORMATION NOURBY LEADER PRO,978041739,97804173900019,2023,https://annuaire-entreprises.data.gouv.fr/entreprise/978041739,SAINT-ANDRE,974,La Réunion,https://annuaire-entreprises.data.gouv.fr/entreprise/978041739,,OF,inconnu,,Marie Nourby (nativel),Président de SAS,,,,API recherche-entreprises.api.gouv.fr (SIREN 978041739),Spécialité DGEFP: Autres... | 0 stagiaires déclarés,85,Organisme de formation confirmé | Création 2023 (critère principal) | Hors IDF (974) | Confirmé base DGEFP
A,LODV ESTHETIQUE ET FORMATION,LODV ESTHETIQUE ET FORMATION,912403730,91240373000019,2022,https://annuaire-entreprises.data.gouv.fr/entreprise/912403730,VALENCIENNES,59,Hauts-de-France,https://annuaire-entreprises.data.gouv.fr/entreprise/912403730,,OF,inconnu,,Kevin Foulon,Directeur Général,,,,API recherche-entreprises.api.gouv.fr (SIREN 912403730),Élargissement 2022 (critère initial: 2023+) | Spécialité DGEFP: Formations générales | 7 stagiaires déclarés,75,Organisme de formation confirmé | Création 2022 (élargissement) | Hors IDF (59) | Confirmé base DGEFP
A,DRACO FORMATION,DRACO FORMATION,908442122,90844212200010,2022,https://annuaire-entreprises.data.gouv.fr/entreprise/908442122,STRASBOURG,67,Grand Est,https://annuaire-entreprises.data.gouv.fr/entreprise/908442122,,OF,inconnu,,Moussa Soukouna,Gérant,,,,API recherche-entreprises.api.gouv.fr (SIREN 908442122),Élargissement 2022 (critère initial: 2023+) | Spécialité DGEFP: Linguistique | 56 stagiaires déclarés,75,Organisme de formation confirmé | Création 2022 (élargissement) | Hors IDF (67) | Confirmé base DGEFP
A,NCS FORMATION (NCSF) (NCSF),NCS FORMATION,992933135,99293313500012,2025,https://annuaire-entreprises.data.gouv.fr/entreprise/992933135,MAMOUDZOU,976,Mayotte,https://annuaire-entreprises.data.gouv.fr/entreprise/992933135,,OF,inconnu,,Nazra Selemani,Président de SAS,,,,API recherche-entreprises.api.gouv.fr (SIREN 992933135),Spécialité DGEFP: Autres... | 0 stagiaires déclarés,85,Organisme de formation confirmé | Création 2025 (critère principal) | Hors IDF (976) | Confirmé base DGEFP
A,CAP FORMATION,CAP FORMATION,910896661,91089666100022,2022,https://annuaire-entreprises.data.gouv.fr/entreprise/910896661,GRATENTOUR,31,Occitanie,https://annuaire-entreprises.data.gouv.fr/entreprise/910896661,,OF,inconnu,,Benjamin Vie,Président de SAS,,,,API recherche-entreprises.api.gouv.fr (SIREN 910896661),Élargissement 2022 (critère initial: 2023+) | Spécialité DGEFP: Chimie | 143 stagiaires déclarés,75,Organisme de formation confirmé | Création 2022 (élargissement) | Hors IDF (31) | Confirmé base DGEFP
A,SUCC'S FORMATION (SUCCS FORMATION),SUCC'S FORMATION,934327974,93432797400010,2024,https://annuaire-entreprises.data.gouv.fr/entreprise/934327974,LA RICAMARIE,42,Auvergne-Rhône-Alpes,https://annuaire-entreprises.data.gouv.fr/entreprise/934327974,,OF,inconnu,,Soumaya Ben nejma,Gérant,,,,API recherche-entreprises.api.gouv.fr (SIREN 934327974),"Spécialité DGEFP: Enseignement, formation | 0 stagiaires déclarés",85,Organisme de formation confirmé | Création 2024 (critère principal) | Hors IDF (42) | Confirmé base DGEFP
A,INSTITUT DE FORMATION CORPS ET BEAUTE (IFCB),INSTITUT DE FORMATION CORPS ET BEAUTE,929628006,92962800600017,2024,https://annuaire-entreprises.data.gouv.fr/entreprise/929628006,ST-HERBLAIN,44,Pays de la Loire,https://annuaire-entreprises.data.gouv.fr/entreprise/929628006,,OF,inconnu,,Régis Letort,Directeur Général,,,,API recherche-entreprises.api.gouv.fr (SIREN 929628006),"Spécialité DGEFP: Coiffure, esthétique et autres spécialités des services aux  | 0 stagiaires déclarés",85,Organisme de formation confirmé | Création 2024 (critère principal) | Hors IDF (44) | Confirmé base DGEFP
A,VISION BAOBAB FORMATION,VISION BAOBAB FORMATION,988301107,98830110700013,2025,https://annuaire-entreprises.data.gouv.fr/entreprise/988301107,SAINT-DENIS,974,La Réunion,https://annuaire-entreprises.data.gouv.fr/entreprise/988301107,,OF,inconnu,,Anais Curpanen,Directeur Général,,,,API recherche-entreprises.api.gouv.fr (SIREN 988301107),Spécialité DGEFP: Travail social | 0 stagiaires déclarés,85,Organisme de formation confirmé | Création 2025 (critère principal) | Hors IDF (974) | Confirmé base DGEFP
A,EXCEL FORMATION - L'ECOLE DU COMMERCE ET DU SERVICE (ECSLYON),EXCEL FORMATION - L'ECOLE DU COMMERCE ET DU SERVICE,908283427,90828342700031,2022,https://annuaire-entreprises.data.gouv.fr/entreprise/908283427,VAULX-EN-VELIN,69,Auvergne-Rhône-Alpes,https://annuaire-entreprises.data.gouv.fr/entreprise/908283427,,CFA,inconnu,,Mohamed Menaa,Président de SAS,,,,API recherche-entreprises.api.gouv.fr (SIREN 908283427),"Élargissement 2022 (critère initial: 2023+) | Spécialité DGEFP: Commerce, vente | 54 stagiaires déclarés",75,Organisme de formation confirmé | Création 2022 (élargissement) | Hors IDF (69) | Confirmé base DGEFP
A,L'ACADEMIE DES BIOSOURCES,L'ACADEMIE DES BIOSOURCES,931524920,93152492000010,2024,https://annuaire-entreprises.data.gouv.fr/entreprise/931524920,PORNIC,44,Pays de la Loire,https://annuaire-entreprises.data.gouv.fr/entreprise/931524920,,OF,inconnu,,,,,,,,Spécialité DGEFP: Bâtiment: construction et couverture | 0 stagiaires déclarés,70,Organisme de formation confirmé | Création 2024 (critère principal) | Hors IDF (44) | Confirmé base DGEFP
A,CENTRE DE FORMATION EUCLIDE (CFE EUCLIDE),CENTRE DE FORMATION EUCLIDE,923018899,92301889900024,2023,https://annuaire-entreprises.data.gouv.fr/entreprise/923018899,SAINT-JULIEN-EN-GENEVOIS,74,Auvergne-Rhône-Alpes,https://annuaire-entreprises.data.gouv.fr/entreprise/923018899,,OF,presentiel,,,,,,,,Spécialité DGEFP: Journalisme et communication | 0 stagiaires déclarés,70,Organisme de formation confirmé | Création 2023 (critère principal) | Hors IDF (74) | Confirmé base DGEFP
A,ORGANISME DE FORMATION DU RUGBY CLUB NIMOIS (OF RCN),ORGANISME DE FORMATION DU RUGBY CLUB NIMOIS,923047773,92304777300018,2023,https://annuaire-entreprises.data.gouv.fr/entreprise/923047773,NIMES,30,Occitanie,https://annuaire-entreprises.data.gouv.fr/entreprise/923047773,,OF,inconnu,,,,,,,,"Spécialité DGEFP: Commerce, vente | 96 stagiaires déclarés",70,Organisme de formation confirmé | Création 2023 (critère principal) | Hors IDF (30) | Confirmé base DGEFP
A,FORMATION ET BILAN DE VIE POUR LA TRANSITION PROFESSIONNELLE,FORMATION ET BILAN DE VIE POUR LA TRANSITION PROFESSIONNELLE,941702813,94170281300010,2025,https://annuaire-entreprises.data.gouv.fr/entreprise/941702813,LYS-LEZ-LANNOY,59,Hauts-de-France,https://annuaire-entreprises.data.gouv.fr/entreprise/941702813,,CFA,inconnu,,,,,,,,"Spécialité DGEFP: Informatique, traitement de l'information, réseaux de transm | 0 stagiaires déclarés",70,Organisme de formation confirmé | Création 2025 (critère principal) | Hors IDF (59) | Confirmé base DGEFP
A,FORMATION PRO EXCELLENCE (FPE),FORMATION PRO EXCELLENCE,928996610,92899661000012,2024,https://annuaire-entreprises.data.gouv.fr/entreprise/928996610,NANCY,54,Grand Est,https://annuaire-entreprises.data.gouv.fr/entreprise/928996610,,CFA,inconnu,,,,,,,,Spécialité DGEFP: Spécialités plurivalentes des échanges et de la gestion | 1 stagiaires déclarés,70,Organisme de formation confirmé | Création 2024 (critère principal) | Hors IDF (54) | Confirmé base DGEFP
A,123 FORMATION,123 FORMATION,981977887,98197788700018,2023,https://annuaire-entreprises.data.gouv.fr/entreprise/981977887,MARQUETTE-LEZ-LILLE,59,Hauts-de-France,https://annuaire-entreprises.data.gouv.fr/entreprise/981977887,,OF,inconnu,,,,,,,,Spécialité DGEFP: Spécialités plurivalentes des échanges et de la gestion | 413 stagiaires déclarés,70,Organisme de formation confirmé | Création 2023 (critère principal) | Hors IDF (59) | Confirmé base DGEFP
A,INSTITUT DE FORMATION DES GRANDS LACS,INSTITUT DE FORMATION DES GRANDS LACS,931454250,93145425000016,2024,https://annuaire-entreprises.data.gouv.fr/entreprise/931454250,BISCARROSSE,40,Nouvelle-Aquitaine,https://annuaire-entreprises.data.gouv.fr/entreprise/931454250,,CFA,inconnu,,,,,,,,"Spécialité DGEFP: Commerce, vente | 0 stagiaires déclarés",70,Organisme de formation confirmé | Création 2024 (critère principal) | Hors IDF (40) | Confirmé base DGEFP
A,COLLECTIF CFA 64,COLLECTIF CFA 64,918812603,91881260300010,2022,https://annuaire-entreprises.data.gouv.fr/entreprise/918812603,BAYONNE,64,Nouvelle-Aquitaine,https://annuaire-entreprises.data.gouv.fr/entreprise/918812603,,CFA,presentiel,Déduit du nom/type (CFA = généralement présentiel),,,,,,,Élargissement 2022 (critère initial: 2023+),65,CFA identifié | Création 2022 (élargissement) | Hors IDF (64)
A,ASSOCIATION DES PARENTS DU CENTRE DE FORMATION POUR ADULTES (CFA) FORMATIONS CEVENNES AVENIR,ASSOCIATION DES PARENTS DU CENTRE DE FORMATION POUR ADULTES (CFA) FORMATIONS CEVENNES AVENIR,915135511,91513551100011,2022,https://annuaire-entreprises.data.gouv.fr/entreprise/915135511,SAUVE,30,Occitanie,https://annuaire-entreprises.data.gouv.fr/entreprise/915135511,,CFA,presentiel,Déduit du nom/type (CFA = généralement présentiel),,,,,,,Élargissement 2022 (critère initial: 2023+),65,CFA identifié | Création 2022 (élargissement) | Hors IDF (30)
A,FORMATION 976 (MAY CFA),FORMATION 976,921405338,92140533800010,2022,https://annuaire-entreprises.data.gouv.fr/entreprise/921405338,MAMOUDZOU,976,Mayotte,https://annuaire-entreprises.data.gouv.fr/entreprise/921405338,,CFA,presentiel,Déduit du nom/type (CFA = généralement présentiel),,,,,,,"Élargissement 2022 (critère initial: 2023+) | Spécialité DGEFP: Comptabilité, gestion | 29 stagiaires déclarés",70,CFA identifié | Création 2022 (élargissement) | Hors IDF (976) | Confirmé base DGEFP
A,CENTRE DE FORMATION SUZANNA (SUZANNA),CENTRE DE FORMATION SUZANNA,912908530,91290853000013,2022,https://annuaire-entreprises.data.gouv.fr/entreprise/912908530,CERVILLE,54,Grand Est,https://annuaire-entreprises.data.gouv.fr/entreprise/912908530,,OF,presentiel,,Suzanna Sargsyan (mkrtchian),Président de SAS,,,,API recherche-entreprises.api.gouv.fr (SIREN 912908530),Élargissement 2022 (critère initial: 2023+) | Spécialité DGEFP: Formations générales | 1 stagiaires déclarés,75,Organisme de formation confirmé | Création 2022 (élargissement) | Hors IDF (54) | Confirmé base DGEFP
A,CENTRE NATIONAL DE FORMATION ET ENSEIGNEMENT CYNOPHILE (CENTRE NATIONAL DE FORMATION ET ENSEIGNEMENT CYNOPHILE) (CNFEC),CENTRE NATIONAL DE FORMATION ET ENSEIGNEMENT CYNOPHILE,910679448,91067944800019,2022,https://annuaire-entreprises.data.gouv.fr/entreprise/910679448,CHATAS,88,Grand Est,https://annuaire-entreprises.data.gouv.fr/entreprise/910679448,,OF,presentiel,,Guillaume Blanchot,Président de SAS,,,,API recherche-entreprises.api.gouv.fr (SIREN 910679448),"Élargissement 2022 (critère initial: 2023+) | Spécialité DGEFP: Sécurité des biens et des personnes, police, surveillance | 0 stagiaires déclarés",75,Organisme de formation confirmé | Création 2022 (élargissement) | Hors IDF (88) | Confirmé base DGEFP
A,INSTITUT SOCIAL DE FORMATION PROFESSIONNELLE (INSTITUT SOCIAL DE FORMATION PROFESSIONNELLE) (ISFP),INSTITUT SOCIAL DE FORMATION PROFESSIONNELLE,920365848,92036584800018,2022,https://annuaire-entreprises.data.gouv.fr/entreprise/920365848,SAINT-DENIS,974,La Réunion,https://annuaire-entreprises.data.gouv.fr/entreprise/920365848,,OF,inconnu,,Marie Michel,Gérant,,,,API recherche-entreprises.api.gouv.fr (SIREN 920365848),Élargissement 2022 (critère initial: 2023+) | Spécialité DGEFP: Spécialités concernant plusieurs capacités | 0 stagiaires déclarés,75,Organisme de formation confirmé | Création 2022 (élargissement) | Hors IDF (974) | Confirmé base DGEFP
A,UJIMA FORMATION,UJIMA FORMATION,919820969,91982096900013,2022,https://annuaire-entreprises.data.gouv.fr/entreprise/919820969,KOUNGOU,976,Mayotte,https://annuaire-entreprises.data.gouv.fr/entreprise/919820969,,OF,inconnu,,Abdelkader Mfoumby,Gérant,,,,API recherche-entreprises.api.gouv.fr (SIREN 919820969),"Élargissement 2022 (critère initial: 2023+) | Spécialité DGEFP: Développement des capacités d'orientation, d'insertion ou de | 4 stagiaires déclarés",75,Organisme de formation confirmé | Création 2022 (élargissement) | Hors IDF (976) | Confirmé base DGEFP
A,CENTRE DE FORMATION GUICHARD,CENTRE DE FORMATION GUICHARD,918838194,91883819400010,2022,https://annuaire-entreprises.data.gouv.fr/entreprise/918838194,SAINT-DENIS,974,La Réunion,https://annuaire-entreprises.data.gouv.fr/entreprise/918838194,,OF,presentiel,,Felix Guichard,Gérant,,,,API recherche-entreprises.api.gouv.fr (SIREN 918838194),"Élargissement 2022 (critère initial: 2023+) | Spécialité DGEFP: Transport, manutention, magasinage | 24 stagiaires déclarés",75,Organisme de formation confirmé | Création 2022 (élargissement) | Hors IDF (974) | Confirmé base DGEFP
A,CENTRE DE FORMATION DE LA POINTE,CENTRE DE FORMATION DE LA POINTE,948494950,94849495000017,2023,https://annuaire-entreprises.data.gouv.fr/entreprise/948494950,GIVET,08,Grand Est,https://annuaire-entreprises.data.gouv.fr/entreprise/948494950,,OF,presentiel,,Damien Fay,Gérant,,,,API recherche-entreprises.api.gouv.fr (SIREN 948494950),,80,Organisme de formation confirmé | Création 2023 (critère principal) | Hors IDF (08)
A,CENTRE FRANCAIS DES FORMATIONS,CENTRE FRANCAIS DES FORMATIONS,951413210,95141321000026,2023,https://annuaire-entreprises.data.gouv.fr/entreprise/951413210,METZ,57,Grand Est,https://annuaire-entreprises.data.gouv.fr/entreprise/951413210,,OF,presentiel,,Jean-juno Lapomarede,Gérant,,,,API recherche-entreprises.api.gouv.fr (SIREN 951413210),,80,Organisme de formation confirmé | Création 2023 (critère principal) | Hors IDF (57)
A,CENTRE DE FORMATION LIHA (CENTRE DE FORMATION LIHA),CENTRE DE FORMATION LIHA,993674670,99367467000019,2025,https://annuaire-entreprises.data.gouv.fr/entreprise/993674670,CHALETTE-SUR-LOING,45,Centre-Val de Loire,https://annuaire-entreprises.data.gouv.fr/entreprise/993674670,,OF,presentiel,,Lorine Dubos,Président de SAS,,,,API recherche-entreprises.api.gouv.fr (SIREN 993674670),,80,Organisme de formation confirmé | Création 2025 (critère principal) | Hors IDF (45)
A,CENTRE DE FORMATION SPART,CENTRE DE FORMATION SPART,994085603,99408560300011,2025,https://annuaire-entreprises.data.gouv.fr/entreprise/994085603,NIMES,30,Occitanie,https://annuaire-entreprises.data.gouv.fr/entreprise/994085603,,OF,presentiel,,Julien Broussous,Président de SAS,,,,API recherche-entreprises.api.gouv.fr (SIREN 994085603),,80,Organisme de formation confirmé | Création 2025 (critère principal) | Hors IDF (30)
