persona,organisation_nom,organisation_nom_legal,siren,siret,annee_creation,date_creation_source_url,adresse_ville,adresse_departement,adresse_region,site_web_url,linkedin_entreprise_url,type_structure,modalite_presume,preuve_modalite,contact_nom,contact_role,contact_linkedin_url,contact_email_public,contact_tel_public,source_contact_preuve,notes_qualite,score_fit,raisons_score,difficulte_type,difficulte_date,difficulte_source_url,risque_trop_tard
B,CFA VALOREM,CFA VALOREM,982804031,98280403100010,2024,https://annuaire-entreprises.data.gouv.fr/entreprise/982804031,SAINT-FONS,69,Auvergne-Rhône-Alpes,https://annuaire-entreprises.data.gouv.fr/entreprise/982804031,,CFA,presentiel,Déduit du nom/type (CFA = généralement présentiel),Driss Souici,Liquidateur,,,,API recherche-entreprises.api.gouv.fr (SIREN 982804031),,95,CFA identifié | Création 2024 (critère principal) | Hors IDF (69),liquidation judiciaire (entreprise fermée),2024-12-31,https://annuaire-entreprises.data.gouv.fr/entreprise/982804031,élevé - entreprise fermée administrativement
B,L'APPRENTISSAGE (L'APPRENTISSAGE),L'APPRENTISSAGE,911828572,91182857200014,2022,https://annuaire-entreprises.data.gouv.fr/entreprise/911828572,LE CREUSOT,71,Bourgogne-Franche-Comté,https://annuaire-entreprises.data.gouv.fr/entreprise/911828572,,CFA,presentiel,CFA = généralement présentiel,Elie Kouka,Directeur Général,,,,API recherche-entreprises.api.gouv.fr (SIREN 911828572),,85,CFA identifié | Création 2022 (élargissement) | Hors IDF (71),liquidation judiciaire (entreprise fermée),2025-06-19,https://annuaire-entreprises.data.gouv.fr/entreprise/911828572,élevé - entreprise fermée administrativement
B,TEDDY BEAR APPRENTISSAGE,TEDDY BEAR APPRENTISSAGE,913787206,91378720600014,2022,https://annuaire-entreprises.data.gouv.fr/entreprise/913787206,THIONVILLE,57,Grand Est,https://annuaire-entreprises.data.gouv.fr/entreprise/913787206,,CFA,presentiel,CFA = généralement présentiel,Randy Oppong,Président de SAS,,,,API recherche-entreprises.api.gouv.fr (SIREN 913787206),,85,CFA identifié | Création 2022 (élargissement) | Hors IDF (57),liquidation judiciaire (entreprise fermée),2025-11-12,https://annuaire-entreprises.data.gouv.fr/entreprise/913787206,élevé - entreprise fermée administrativement
B,WYM FORMATIONS,WYM FORMATIONS,924836430,92483643000018,2024,https://annuaire-entreprises.data.gouv.fr/entreprise/924836430,CHAGNY,71,Bourgogne-Franche-Comté,https://annuaire-entreprises.data.gouv.fr/entreprise/924836430,,OF,inconnu,,Marion Paret,Président de SAS,,,,API recherche-entreprises.api.gouv.fr (SIREN 924836430),,85,Organisme de formation confirmé | Création 2024 (critère principal) | Hors IDF (71),liquidation judiciaire (entreprise fermée),2024-05-21,https://annuaire-entreprises.data.gouv.fr/entreprise/924836430,élevé - entreprise fermée administrativement
B,JKM FORMATION,JKM FORMATION,982405441,98240544100014,2023,https://annuaire-entreprises.data.gouv.fr/entreprise/982405441,FROUZINS,31,Occitanie,https://annuaire-entreprises.data.gouv.fr/entreprise/982405441,,OF,inconnu,,Jennifer Gulleres,Président de SAS,,,,API recherche-entreprises.api.gouv.fr (SIREN 982405441),,85,Organisme de formation confirmé | Création 2023 (critère principal) | Hors IDF (31),liquidation judiciaire (entreprise fermée),2024-07-22,https://annuaire-entreprises.data.gouv.fr/entreprise/982405441,élevé - entreprise fermée administrativement
B,CENTRE DE FORMATION,CENTRE DE FORMATION,949612329,94961232900019,2023,https://annuaire-entreprises.data.gouv.fr/entreprise/949612329,GROISY,74,Auvergne-Rhône-Alpes,https://annuaire-entreprises.data.gouv.fr/entreprise/949612329,,OF,presentiel,,Arnaud Gobled,Liquidateur,,,,API recherche-entreprises.api.gouv.fr (SIREN 949612329),,85,Organisme de formation confirmé | Création 2023 (critère principal) | Hors IDF (74),liquidation judiciaire (entreprise fermée),2023-12-15,https://annuaire-entreprises.data.gouv.fr/entreprise/949612329,élevé - entreprise fermée administrativement
B,DOMINIQUE AVILA (DESPLANQUE) (JE CREE MON ORGANISME DE FORMATION),,953842259,95384225900012,2023,https://annuaire-entreprises.data.gouv.fr/entreprise/953842259,RESTINCLIERES,34,Occitanie,https://annuaire-entreprises.data.gouv.fr/entreprise/953842259,,OF,inconnu,,Dominique Avila (desplanque),,,,,API recherche-entreprises.api.gouv.fr (SIREN 953842259),,85,Organisme de formation confirmé | Création 2023 (critère principal) | Hors IDF (34),liquidation judiciaire (entreprise fermée),2024-05-21,https://annuaire-entreprises.data.gouv.fr/entreprise/953842259,élevé - entreprise fermée administrativement
B,JOLIDON JP3A (CENTRE DE FORMATION D'APPRENTIS BEZIERS ET OUEST OCCITANIE) (CFA BO2C),JOLIDON JP3A,885408849,88540884900010,2021,https://annuaire-entreprises.data.gouv.fr/entreprise/885408849,AUTIGNAC,34,Occitanie,https://annuaire-entreprises.data.gouv.fr/entreprise/885408849,,CFA,presentiel,Déduit du nom/type (CFA = généralement présentiel),Jean-pierre Jolidon,Liquidateur,,,,API recherche-entreprises.api.gouv.fr (SIREN 885408849),"Création 2021 (hors critère strict 2023+, inclus car en difficulté)",80,CFA identifié | Création 2021 (élargissement étendu) | Hors IDF (34),liquidation judiciaire (entreprise fermée),2022-03-31,https://annuaire-entreprises.data.gouv.fr/entreprise/885408849,élevé - entreprise fermée administrativement
B,HARMONIE FORMATION,HARMONIE FORMATION,914078241,,2022,https://www.pappers.fr/entreprise/harmonie-formation-914078241,ORVAULT,44,Pays de la Loire,https://annuaire-entreprises.data.gouv.fr/entreprise/914078241,,OF,presentiel,Organisme de formation avec locaux physiques,Carine Kouassi,Dirigeante,,,,https://www.pappers.fr/entreprise/harmonie-formation-914078241,"Capital 2000 EUR, formation SST/habilitation électrique/prévention incendie",75,OF confirmé | Création 2022 | Hors IDF (44),redressement puis liquidation judiciaire,2024-06-26,https://www.pappers.fr/entreprise/harmonie-formation-914078241,élevé - liquidation prononcée
B,MA FORMATION (MA FORMATION),MA FORMATION,908934847,90893484700017,2022,https://annuaire-entreprises.data.gouv.fr/entreprise/908934847,MARSEILLE 4,13,Provence-Alpes-Côte d'Azur,https://annuaire-entreprises.data.gouv.fr/entreprise/908934847,,OF,inconnu,,Ilham Houari,Président de SAS,,,,API recherche-entreprises.api.gouv.fr (SIREN 908934847),,75,Organisme de formation confirmé | Création 2022 (élargissement) | Hors IDF (13),liquidation judiciaire (entreprise fermée),2022-12-08,https://annuaire-entreprises.data.gouv.fr/entreprise/908934847,élevé - entreprise fermée administrativement
B,LA FORMATION (LA FORMATION),LA FORMATION,917521221,91752122100015,2022,https://annuaire-entreprises.data.gouv.fr/entreprise/917521221,SAINT-DENIS,974,La Réunion,https://annuaire-entreprises.data.gouv.fr/entreprise/917521221,,OF,inconnu,,Yanis Brahmi,Président de SAS,,,,API recherche-entreprises.api.gouv.fr (SIREN 917521221),,75,Organisme de formation confirmé | Création 2022 (élargissement) | Hors IDF (974),liquidation judiciaire (entreprise fermée),2022-12-31,https://annuaire-entreprises.data.gouv.fr/entreprise/917521221,élevé - entreprise fermée administrativement
B,M&S FORMATION,M&S FORMATION,919598094,91959809400010,2022,https://annuaire-entreprises.data.gouv.fr/entreprise/919598094,MARSEILLE,13,Provence-Alpes-Côte d'Azur,https://annuaire-entreprises.data.gouv.fr/entreprise/919598094,,OF,inconnu,,Marouan Teleb,Président de SAS,,,,API recherche-entreprises.api.gouv.fr (SIREN 919598094),,75,Organisme de formation confirmé | Création 2022 (élargissement) | Hors IDF (13),liquidation judiciaire (entreprise fermée),2025-04-17,https://annuaire-entreprises.data.gouv.fr/entreprise/919598094,élevé - entreprise fermée administrativement
B,MA FORMATION,MA FORMATION,914069273,91406927300011,2022,https://annuaire-entreprises.data.gouv.fr/entreprise/914069273,DIJON,21,Bourgogne-Franche-Comté,https://annuaire-entreprises.data.gouv.fr/entreprise/914069273,,OF,inconnu,,Abdul Majhib,Président de SAS,,,,API recherche-entreprises.api.gouv.fr (SIREN 914069273),,75,Organisme de formation confirmé | Création 2022 (élargissement) | Hors IDF (21),liquidation judiciaire (entreprise fermée),2024-01-04,https://annuaire-entreprises.data.gouv.fr/entreprise/914069273,élevé - entreprise fermée administrativement
B,HED FORMATIONS,HED FORMATIONS,909728255,90972825500029,2022,https://annuaire-entreprises.data.gouv.fr/entreprise/909728255,LYON,69,Auvergne-Rhône-Alpes,https://annuaire-entreprises.data.gouv.fr/entreprise/909728255,,OF,inconnu,,Jules Maillet,Président de SAS,,,,API recherche-entreprises.api.gouv.fr (SIREN 909728255),,75,Organisme de formation confirmé | Création 2022 (élargissement) | Hors IDF (69),liquidation judiciaire (entreprise fermée),2024-12-04,https://annuaire-entreprises.data.gouv.fr/entreprise/909728255,élevé - entreprise fermée administrativement
B,OUEST FORMATION,OUEST FORMATION,908240062,90824006200012,2022,https://annuaire-entreprises.data.gouv.fr/entreprise/908240062,MATOURY,973,Guyane,https://annuaire-entreprises.data.gouv.fr/entreprise/908240062,,OF,inconnu,,Suzanna Penavere,Liquidateur,,,,API recherche-entreprises.api.gouv.fr (SIREN 908240062),,75,Organisme de formation confirmé | Création 2022 (élargissement) | Hors IDF (973),liquidation judiciaire (entreprise fermée),2023-08-31,https://annuaire-entreprises.data.gouv.fr/entreprise/908240062,élevé - entreprise fermée administrativement
B,COOKING FORMATION (COOKING FORMATION),COOKING FORMATION,911681914,91168191400014,2022,https://annuaire-entreprises.data.gouv.fr/entreprise/911681914,CHEVINCOURT,60,Hauts-de-France,https://annuaire-entreprises.data.gouv.fr/entreprise/911681914,,OF,inconnu,,Bruno Bragance,"Liquidateur, Président de SAS",,,,API recherche-entreprises.api.gouv.fr (SIREN 911681914),,75,Organisme de formation confirmé | Création 2022 (élargissement) | Hors IDF (60),liquidation judiciaire (entreprise fermée),2024-12-31,https://annuaire-entreprises.data.gouv.fr/entreprise/911681914,élevé - entreprise fermée administrativement
B,MINDSET FORMATION,MINDSET FORMATION,912902277,91290227700017,2022,https://annuaire-entreprises.data.gouv.fr/entreprise/912902277,ANDREZIEUX-BOUTHEON,42,Auvergne-Rhône-Alpes,https://annuaire-entreprises.data.gouv.fr/entreprise/912902277,,OF,inconnu,,Abdrahamane Traore,Président de SAS,,,,API recherche-entreprises.api.gouv.fr (SIREN 912902277),,75,Organisme de formation confirmé | Création 2022 (élargissement) | Hors IDF (42),liquidation judiciaire (entreprise fermée),2025-12-03,https://annuaire-entreprises.data.gouv.fr/entreprise/912902277,élevé - entreprise fermée administrativement
B,WORKING FORMATION (WORKING FORMATION),WORKING FORMATION,912910437,91291043700017,2022,https://annuaire-entreprises.data.gouv.fr/entreprise/912910437,LE ROVE,13,Provence-Alpes-Côte d'Azur,https://annuaire-entreprises.data.gouv.fr/entreprise/912910437,,OF,inconnu,,Xavier Aquilon,Président de SAS,,,,API recherche-entreprises.api.gouv.fr (SIREN 912910437),,75,Organisme de formation confirmé | Création 2022 (élargissement) | Hors IDF (13),liquidation judiciaire (entreprise fermée),2024-10-27,https://annuaire-entreprises.data.gouv.fr/entreprise/912910437,élevé - entreprise fermée administrativement
B,JOS FORMATION,JOS FORMATION,913001061,91300106100013,2022,https://annuaire-entreprises.data.gouv.fr/entreprise/913001061,NICE,06,Provence-Alpes-Côte d'Azur,https://annuaire-entreprises.data.gouv.fr/entreprise/913001061,,OF,inconnu,,Burak Celen,Président de SAS,,,,API recherche-entreprises.api.gouv.fr (SIREN 913001061),,75,Organisme de formation confirmé | Création 2022 (élargissement) | Hors IDF (06),liquidation judiciaire (entreprise fermée),2024-01-05,https://annuaire-entreprises.data.gouv.fr/entreprise/913001061,élevé - entreprise fermée administrativement
B,ELITE FORMATION (ELITE FORMATION),ELITE FORMATION,920159654,92015965400010,2022,https://annuaire-entreprises.data.gouv.fr/entreprise/920159654,GRENOBLE,38,Auvergne-Rhône-Alpes,https://annuaire-entreprises.data.gouv.fr/entreprise/920159654,,OF,inconnu,,Charafeddine Achiq,Liquidateur,,,,API recherche-entreprises.api.gouv.fr (SIREN 920159654),,75,Organisme de formation confirmé | Création 2022 (élargissement) | Hors IDF (38),liquidation judiciaire (entreprise fermée),2024-09-30,https://annuaire-entreprises.data.gouv.fr/entreprise/920159654,élevé - entreprise fermée administrativement
B,LMD FORMATIONS,LMD FORMATIONS,920609195,92060919500010,2022,https://annuaire-entreprises.data.gouv.fr/entreprise/920609195,MONTBRUN-LAURAGAIS,31,Occitanie,https://annuaire-entreprises.data.gouv.fr/entreprise/920609195,,OF,inconnu,,Laurence Dupuy (malfaz),Président de SAS,,,,API recherche-entreprises.api.gouv.fr (SIREN 920609195),,75,Organisme de formation confirmé | Création 2022 (élargissement) | Hors IDF (31),liquidation judiciaire (entreprise fermée),2024-05-31,https://annuaire-entreprises.data.gouv.fr/entreprise/920609195,élevé - entreprise fermée administrativement
B,3PE FORMATION,3PE FORMATION,913775623,91377562300014,2022,https://annuaire-entreprises.data.gouv.fr/entreprise/913775623,CHATEAUROUX,36,Centre-Val de Loire,https://annuaire-entreprises.data.gouv.fr/entreprise/913775623,,OF,inconnu,,Jamal Hamdioui,Directeur Général,,,,API recherche-entreprises.api.gouv.fr (SIREN 913775623),,75,Organisme de formation confirmé | Création 2022 (élargissement) | Hors IDF (36),liquidation judiciaire (entreprise fermée),2024-05-22,https://annuaire-entreprises.data.gouv.fr/entreprise/913775623,élevé - entreprise fermée administrativement
B,YNSPIRE FORMATION,YNSPIRE FORMATION,913626719,91362671900011,2022,https://annuaire-entreprises.data.gouv.fr/entreprise/913626719,CHAMBOEUF,42,Auvergne-Rhône-Alpes,https://annuaire-entreprises.data.gouv.fr/entreprise/913626719,,OF,inconnu,,Yoann Leblanc,Autre,,,,API recherche-entreprises.api.gouv.fr (SIREN 913626719),,75,Organisme de formation confirmé | Création 2022 (élargissement) | Hors IDF (42),liquidation judiciaire (entreprise fermée),2023-07-17,https://annuaire-entreprises.data.gouv.fr/entreprise/913626719,élevé - entreprise fermée administrativement
B,CENTRE DE FORMATION LAPLACE,CENTRE DE FORMATION LAPLACE,912448412,91244841200011,2022,https://annuaire-entreprises.data.gouv.fr/entreprise/912448412,LAIZ,01,Auvergne-Rhône-Alpes,https://annuaire-entreprises.data.gouv.fr/entreprise/912448412,,OF,presentiel,,Franck Laplace,Président de SAS,,,,API recherche-entreprises.api.gouv.fr (SIREN 912448412),,75,Organisme de formation confirmé | Création 2022 (élargissement) | Hors IDF (01),liquidation judiciaire (entreprise fermée),2025-06-20,https://annuaire-entreprises.data.gouv.fr/entreprise/912448412,élevé - entreprise fermée administrativement
B,FORMATION SECURITE PROFESSIONNELLE (F.S.P.),FORMATION SECURITE PROFESSIONNELLE,911420586,91142058600016,2022,https://annuaire-entreprises.data.gouv.fr/entreprise/911420586,FOUILLOY,80,Hauts-de-France,https://annuaire-entreprises.data.gouv.fr/entreprise/911420586,,OF,inconnu,,Arnaud Ovono ondo,Directeur Général,,,,API recherche-entreprises.api.gouv.fr (SIREN 911420586),,75,Organisme de formation confirmé | Création 2022 (élargissement) | Hors IDF (80),liquidation judiciaire (entreprise fermée),2025-11-26,https://annuaire-entreprises.data.gouv.fr/entreprise/911420586,élevé - entreprise fermée administrativement
B,ECOLE FRANCE FORMATION,ECOLE FRANCE FORMATION,911247674,91124767400011,2022,https://annuaire-entreprises.data.gouv.fr/entreprise/911247674,TOULOUSE,31,Occitanie,https://annuaire-entreprises.data.gouv.fr/entreprise/911247674,,OF,inconnu,,Markenson Bonhomme,Président de SAS,,,,API recherche-entreprises.api.gouv.fr (SIREN 911247674),,75,Organisme de formation confirmé | Création 2022 (élargissement) | Hors IDF (31),liquidation judiciaire (entreprise fermée),2024-06-25,https://annuaire-entreprises.data.gouv.fr/entreprise/911247674,élevé - entreprise fermée administrativement
B,L'ECOLE FRANCAISE DE FORMATION EFF,L'ECOLE FRANCAISE DE FORMATION EFF,920129400,92012940000015,2022,https://annuaire-entreprises.data.gouv.fr/entreprise/920129400,AIX-EN-PROVENCE,13,Provence-Alpes-Côte d'Azur,https://annuaire-entreprises.data.gouv.fr/entreprise/920129400,,OF,inconnu,,Natanael Ceylon,Président de SAS,,,,API recherche-entreprises.api.gouv.fr (SIREN 920129400),,75,Organisme de formation confirmé | Création 2022 (élargissement) | Hors IDF (13),liquidation judiciaire (entreprise fermée),2025-08-15,https://annuaire-entreprises.data.gouv.fr/entreprise/920129400,élevé - entreprise fermée administrativement
B,ECOLE DES FORMATIONS POSITIVES FRANCE,ECOLE DES FORMATIONS POSITIVES FRANCE,910833045,91083304500016,2022,https://annuaire-entreprises.data.gouv.fr/entreprise/910833045,VALBONNE,06,Provence-Alpes-Côte d'Azur,https://annuaire-entreprises.data.gouv.fr/entreprise/910833045,,OF,inconnu,,Charlotte Uvira (scarcerieau),Liquidateur,,,,API recherche-entreprises.api.gouv.fr (SIREN 910833045),,75,Organisme de formation confirmé | Création 2022 (élargissement) | Hors IDF (06),liquidation judiciaire (entreprise fermée),2024-06-30,https://annuaire-entreprises.data.gouv.fr/entreprise/910833045,élevé - entreprise fermée administrativement
B,FORMATION BUSINESS INSTITUT (F.B.I),FORMATION BUSINESS INSTITUT,910094523,91009452300024,2022,https://annuaire-entreprises.data.gouv.fr/entreprise/910094523,TOULOUSE,31,Occitanie,https://annuaire-entreprises.data.gouv.fr/entreprise/910094523,,OF,inconnu,,Youssef Alyat,Président de SAS,,,,API recherche-entreprises.api.gouv.fr (SIREN 910094523),,75,Organisme de formation confirmé | Création 2022 (élargissement) | Hors IDF (31),liquidation judiciaire (entreprise fermée),2025-10-13,https://annuaire-entreprises.data.gouv.fr/entreprise/910094523,élevé - entreprise fermée administrativement
B,INSTITUT DE FORMATION ET D ENSEIGNEMENT DU YOGA (IFEY),INSTITUT DE FORMATION ET D ENSEIGNEMENT DU YOGA,912638814,91263881400018,2022,https://annuaire-entreprises.data.gouv.fr/entreprise/912638814,CASTELNAU-LE-LEZ,34,Occitanie,https://annuaire-entreprises.data.gouv.fr/entreprise/912638814,,OF,inconnu,,Layla Bennis,Liquidateur,,,,API recherche-entreprises.api.gouv.fr (SIREN 912638814),,75,Organisme de formation confirmé | Création 2022 (élargissement) | Hors IDF (34),liquidation judiciaire (entreprise fermée),2023-08-31,https://annuaire-entreprises.data.gouv.fr/entreprise/912638814,élevé - entreprise fermée administrativement
B,RHONE SOLUTION FORMATION (RSF),RHONE SOLUTION FORMATION,909630196,90963019600014,2022,https://annuaire-entreprises.data.gouv.fr/entreprise/909630196,LYON,69,Auvergne-Rhône-Alpes,https://annuaire-entreprises.data.gouv.fr/entreprise/909630196,,OF,inconnu,,Olivier Martin,Président de SAS,,,,API recherche-entreprises.api.gouv.fr (SIREN 909630196),,75,Organisme de formation confirmé | Création 2022 (élargissement) | Hors IDF (69),liquidation judiciaire (entreprise fermée),2023-12-15,https://annuaire-entreprises.data.gouv.fr/entreprise/909630196,élevé - entreprise fermée administrativement
B,AIRWAYS AVIATION ACADEMY (ESMA),AIRWAYS AVIATION ACADEMY,878351642,,2020,https://www.pappers.fr/entreprise/airways-aviation-academy-878351642,MAUGUIO,34,Occitanie,https://annuaire-entreprises.data.gouv.fr/entreprise/878351642,,OF,presentiel,Organisme de formation avec locaux physiques,Mauro Calvano,Président,,,,https://www.pappers.fr/entreprise/airways-aviation-academy-878351642,"École formation aéronautique (pilotes, PNC)",70,OF confirmé | Création 2020 | Hors IDF (34),redressement puis liquidation judiciaire,2026-01-23,https://www.pappers.fr/entreprise/airways-aviation-academy-878351642,élevé - liquidation définitive janvier 2026
B,LM FORMATION,LM FORMATION,948934997,,2023,https://www.pappers.fr/entreprise/lm-formation-948934997,LA GRAND-CROIX,42,Auvergne-Rhône-Alpes,https://annuaire-entreprises.data.gouv.fr/entreprise/948934997,,OF,presentiel,Organisme de formation avec locaux physiques,,,,,,,"Création récente, cessation paiements 28/01/2025",70,OF confirmé | Création 2023 | Hors IDF (42),liquidation judiciaire,2025-05-14,https://www.pappers.fr/entreprise/lm-formation-948934997,élevé - liquidation directe
B,AD FORMATION,AD FORMATION,904754868,,2021,https://www.pappers.fr/entreprise/ad-formation-904754868,MARSEILLE,13,Provence-Alpes-Côte d'Azur,https://annuaire-entreprises.data.gouv.fr/entreprise/904754868,,OF,presentiel,Organisme de formation avec locaux physiques,Kevin Ayache,Président,,,,https://www.pappers.fr/entreprise/ad-formation-904754868,Capital 1200 EUR,70,OF confirmé | Création 2021 | Hors IDF (13),liquidation judiciaire,2025-12-10,https://www.pappers.fr/entreprise/ad-formation-904754868,moyen - liquidation récente (décembre 2025)
B,PARIS FLIGHT TRAINING (ex-Airways College),PARIS FLIGHT TRAINING,885268664,,2020,https://www.pappers.fr/entreprise/paris-flight-training-885268664,AGEN,47,Nouvelle-Aquitaine,https://annuaire-entreprises.data.gouv.fr/entreprise/885268664,,OF,presentiel,Organisme de formation avec locaux physiques,Arnaud Chaibi,Dirigeant,,,,https://www.pappers.fr/entreprise/paris-flight-training-885268664,"34 salariés, 150 étudiants, école de pilotes de ligne",70,OF confirmé | Création 2020 | Hors IDF (47),redressement puis liquidation judiciaire,2023-10-11,https://www.pappers.fr/entreprise/paris-flight-training-885268664,élevé - liquidation depuis octobre 2023
B,C-FORMATION,C-FORMATION,890352503,89035250300019,2020,https://annuaire-entreprises.data.gouv.fr/entreprise/890352503,SAILLY-LEZ-LANNOY,59,Hauts-de-France,https://annuaire-entreprises.data.gouv.fr/entreprise/890352503,,OF,inconnu,,Celine Duvet (dangremont),Liquidateur,,,,API recherche-entreprises.api.gouv.fr (SIREN 890352503),"Création 2020 (hors critère strict 2023+, inclus car en difficulté)",70,Organisme de formation confirmé | Création 2020 (élargissement étendu) | Hors IDF (59),liquidation judiciaire (entreprise fermée),2021-07-31,https://annuaire-entreprises.data.gouv.fr/entreprise/890352503,élevé - entreprise fermée administrativement
B,FORMATION DU CHEVREUL,FORMATION DU CHEVREUL,898680459,89868045900010,2021,https://annuaire-entreprises.data.gouv.fr/entreprise/898680459,DIJON,21,Bourgogne-Franche-Comté,https://annuaire-entreprises.data.gouv.fr/entreprise/898680459,,OF,inconnu,,Maxim Monsonego edery,Gérant,,,,API recherche-entreprises.api.gouv.fr (SIREN 898680459),"Création 2021 (hors critère strict 2023+, inclus car en difficulté)",70,Organisme de formation confirmé | Création 2021 (élargissement étendu) | Hors IDF (21),liquidation judiciaire (entreprise fermée),2024-05-05,https://annuaire-entreprises.data.gouv.fr/entreprise/898680459,élevé - entreprise fermée administrativement
B,WALINSKI FORMATION,WALINSKI FORMATION,894335629,89433562900016,2021,https://annuaire-entreprises.data.gouv.fr/entreprise/894335629,ROCHEFORT-DU-GARD,30,Occitanie,https://annuaire-entreprises.data.gouv.fr/entreprise/894335629,,OF,inconnu,,Eric Walinski,Président de SAS,,,,API recherche-entreprises.api.gouv.fr (SIREN 894335629),"Création 2021 (hors critère strict 2023+, inclus car en difficulté)",70,Organisme de formation confirmé | Création 2021 (élargissement étendu) | Hors IDF (30),liquidation judiciaire (entreprise fermée),2022-12-12,https://annuaire-entreprises.data.gouv.fr/entreprise/894335629,élevé - entreprise fermée administrativement
B,GLOBAL FORMATION,GLOBAL FORMATION,895079986,89507998600017,2021,https://annuaire-entreprises.data.gouv.fr/entreprise/895079986,COLOMIERS,31,Occitanie,https://annuaire-entreprises.data.gouv.fr/entreprise/895079986,,OF,inconnu,,Mourad Loghmari,Président de SAS,,,,API recherche-entreprises.api.gouv.fr (SIREN 895079986),"Création 2021 (hors critère strict 2023+, inclus car en difficulté)",70,Organisme de formation confirmé | Création 2021 (élargissement étendu) | Hors IDF (31),liquidation judiciaire (entreprise fermée),2025-10-27,https://annuaire-entreprises.data.gouv.fr/entreprise/895079986,élevé - entreprise fermée administrativement
B,NEGO FORMATION,NEGO FORMATION,892376211,89237621100017,2021,https://annuaire-entreprises.data.gouv.fr/entreprise/892376211,TOULOUSE,31,Occitanie,https://annuaire-entreprises.data.gouv.fr/entreprise/892376211,,OF,inconnu,,Pascal Clermont,Liquidateur,,,,API recherche-entreprises.api.gouv.fr (SIREN 892376211),"Création 2021 (hors critère strict 2023+, inclus car en difficulté)",70,Organisme de formation confirmé | Création 2021 (élargissement étendu) | Hors IDF (31),liquidation judiciaire (entreprise fermée),2024-04-30,https://annuaire-entreprises.data.gouv.fr/entreprise/892376211,élevé - entreprise fermée administrativement
B,BSP FORMATION,BSP FORMATION,893520213,89352021300016,2021,https://annuaire-entreprises.data.gouv.fr/entreprise/893520213,PERPIGNAN,66,Occitanie,https://annuaire-entreprises.data.gouv.fr/entreprise/893520213,,OF,inconnu,,Vincent Bondu,Président de SAS,,,,API recherche-entreprises.api.gouv.fr (SIREN 893520213),"Création 2021 (hors critère strict 2023+, inclus car en difficulté)",70,Organisme de formation confirmé | Création 2021 (élargissement étendu) | Hors IDF (66),liquidation judiciaire (entreprise fermée),2024-10-23,https://annuaire-entreprises.data.gouv.fr/entreprise/893520213,élevé - entreprise fermée administrativement
B,OBJECTIF FORMATION (OBJECTIF FORMATION),OBJECTIF FORMATION,901750083,90175008300015,2021,https://annuaire-entreprises.data.gouv.fr/entreprise/901750083,AIX-EN-PROVENCE,13,Provence-Alpes-Côte d'Azur,https://annuaire-entreprises.data.gouv.fr/entreprise/901750083,,OF,inconnu,,Ali Kraichi-mekki (kraichi),Président de SAS,,,,API recherche-entreprises.api.gouv.fr (SIREN 901750083),"Création 2021 (hors critère strict 2023+, inclus car en difficulté)",70,Organisme de formation confirmé | Création 2021 (élargissement étendu) | Hors IDF (13),liquidation judiciaire (entreprise fermée),2025-01-08,https://annuaire-entreprises.data.gouv.fr/entreprise/901750083,élevé - entreprise fermée administrativement
B,TGB FORMATION,TGB FORMATION,908649163,90864916300015,2021,https://annuaire-entreprises.data.gouv.fr/entreprise/908649163,LE PONT-DE-CLAIX,38,Auvergne-Rhône-Alpes,https://annuaire-entreprises.data.gouv.fr/entreprise/908649163,,OF,inconnu,,Aurelien Gervasoni,Liquidateur,,,,API recherche-entreprises.api.gouv.fr (SIREN 908649163),"Création 2021 (hors critère strict 2023+, inclus car en difficulté)",70,Organisme de formation confirmé | Création 2021 (élargissement étendu) | Hors IDF (38),liquidation judiciaire (entreprise fermée),2023-12-31,https://annuaire-entreprises.data.gouv.fr/entreprise/908649163,élevé - entreprise fermée administrativement
B,FORMATION ONLINE,FORMATION ONLINE,904959863,90495986300013,2021,https://annuaire-entreprises.data.gouv.fr/entreprise/904959863,BORDEAUX,33,Nouvelle-Aquitaine,https://annuaire-entreprises.data.gouv.fr/entreprise/904959863,,OF,distanciel,Mot-clé dans le nom suggère distanciel,Aaisame Tahiri,Gérant,,,,API recherche-entreprises.api.gouv.fr (SIREN 904959863),"Création 2021 (hors critère strict 2023+, inclus car en difficulté)",70,Organisme de formation confirmé | Création 2021 (élargissement étendu) | Hors IDF (33),liquidation judiciaire (entreprise fermée),2024-11-22,https://annuaire-entreprises.data.gouv.fr/entreprise/904959863,élevé - entreprise fermée administrativement
B,ALFA FORMATION,ALFA FORMATION,904253481,90425348100017,2021,https://annuaire-entreprises.data.gouv.fr/entreprise/904253481,AMIENS,80,Hauts-de-France,https://annuaire-entreprises.data.gouv.fr/entreprise/904253481,,OF,inconnu,,Jean-philippe Labalette,Liquidateur,,,,API recherche-entreprises.api.gouv.fr (SIREN 904253481),"Création 2021 (hors critère strict 2023+, inclus car en difficulté)",70,Organisme de formation confirmé | Création 2021 (élargissement étendu) | Hors IDF (80),liquidation judiciaire (entreprise fermée),2024-07-01,https://annuaire-entreprises.data.gouv.fr/entreprise/904253481,élevé - entreprise fermée administrativement
B,SLNA FORMATIONS (BLUE FORMATION),SLNA FORMATIONS,888383387,88838338700014,2020,https://annuaire-entreprises.data.gouv.fr/entreprise/888383387,BOE,47,Nouvelle-Aquitaine,https://annuaire-entreprises.data.gouv.fr/entreprise/888383387,,OF,inconnu,,Nathalie Aurientis (skalecki),Directeur Général,,,,API recherche-entreprises.api.gouv.fr (SIREN 888383387),"Création 2020 (hors critère strict 2023+, inclus car en difficulté)",70,Organisme de formation confirmé | Création 2020 (élargissement étendu) | Hors IDF (47),liquidation judiciaire (entreprise fermée),2022-04-13,https://annuaire-entreprises.data.gouv.fr/entreprise/888383387,élevé - entreprise fermée administrativement
B,MATHISI - FORMATION (MATHISI - FORMATION),MATHISI - FORMATION,892215922,89221592200014,2021,https://annuaire-entreprises.data.gouv.fr/entreprise/892215922,CLERE-LES-PINS,37,Centre-Val de Loire,https://annuaire-entreprises.data.gouv.fr/entreprise/892215922,,OF,inconnu,,Lydie Ayault,"Gérant, Liquidateur",,,,API recherche-entreprises.api.gouv.fr (SIREN 892215922),"Création 2021 (hors critère strict 2023+, inclus car en difficulté)",70,Organisme de formation confirmé | Création 2021 (élargissement étendu) | Hors IDF (37),liquidation judiciaire (entreprise fermée),2024-12-12,https://annuaire-entreprises.data.gouv.fr/entreprise/892215922,élevé - entreprise fermée administrativement
B,SNA FORMATION,SNA FORMATION,880444781,88044478100012,2020,https://annuaire-entreprises.data.gouv.fr/entreprise/880444781,NANS-LES-PINS,83,Provence-Alpes-Côte d'Azur,https://annuaire-entreprises.data.gouv.fr/entreprise/880444781,,OF,inconnu,,Nicolas Possenti,Liquidateur,,,,API recherche-entreprises.api.gouv.fr (SIREN 880444781),"Création 2020 (hors critère strict 2023+, inclus car en difficulté)",70,Organisme de formation confirmé | Création 2020 (élargissement étendu) | Hors IDF (83),liquidation judiciaire (entreprise fermée),2024-08-19,https://annuaire-entreprises.data.gouv.fr/entreprise/880444781,élevé - entreprise fermée administrativement
B,SELF FORMATION (SELF FORMATION),SELF FORMATION,885360842,88536084200011,2020,https://annuaire-entreprises.data.gouv.fr/entreprise/885360842,LYON 4EME,69,Auvergne-Rhône-Alpes,https://annuaire-entreprises.data.gouv.fr/entreprise/885360842,,OF,inconnu,,Lea Baudras (baudras-rousseaux),Gérant,,,,API recherche-entreprises.api.gouv.fr (SIREN 885360842),"Création 2020 (hors critère strict 2023+, inclus car en difficulté)",70,Organisme de formation confirmé | Création 2020 (élargissement étendu) | Hors IDF (69),liquidation judiciaire (entreprise fermée),2021-05-31,https://annuaire-entreprises.data.gouv.fr/entreprise/885360842,élevé - entreprise fermée administrativement
B,SOFTOUEST FORMATION,SOFTOUEST FORMATION,889425765,88942576500019,2020,https://annuaire-entreprises.data.gouv.fr/entreprise/889425765,SAINT-JULIEN-DE-CONCELLES,44,Pays de la Loire,https://annuaire-entreprises.data.gouv.fr/entreprise/889425765,,OF,inconnu,,Cyril Picard,Président de SAS,,,,API recherche-entreprises.api.gouv.fr (SIREN 889425765),"Création 2020 (hors critère strict 2023+, inclus car en difficulté)",70,Organisme de formation confirmé | Création 2020 (élargissement étendu) | Hors IDF (44),liquidation judiciaire (entreprise fermée),2023-10-25,https://annuaire-entreprises.data.gouv.fr/entreprise/889425765,élevé - entreprise fermée administrativement
B,FORMATION PLUS,FORMATION PLUS,889956835,88995683500017,2020,https://annuaire-entreprises.data.gouv.fr/entreprise/889956835,MARSANNAY-LA-COTE,21,Bourgogne-Franche-Comté,https://annuaire-entreprises.data.gouv.fr/entreprise/889956835,,OF,inconnu,,Jean-gilles Fevre,Liquidateur,,,,API recherche-entreprises.api.gouv.fr (SIREN 889956835),"Création 2020 (hors critère strict 2023+, inclus car en difficulté)",70,Organisme de formation confirmé | Création 2020 (élargissement étendu) | Hors IDF (21),liquidation judiciaire (entreprise fermée),2021-10-01,https://annuaire-entreprises.data.gouv.fr/entreprise/889956835,élevé - entreprise fermée administrativement
B,FORMATION POUR ETRE,FORMATION POUR ETRE,902935964,90293596400020,2021,https://annuaire-entreprises.data.gouv.fr/entreprise/902935964,SAINT-CLAR-DE-RIVIERE,31,Occitanie,https://annuaire-entreprises.data.gouv.fr/entreprise/902935964,,OF,inconnu,,Mathieu Lanies,,,,,API recherche-entreprises.api.gouv.fr (SIREN 902935964),"Création 2021 (hors critère strict 2023+, inclus car en difficulté)",70,Organisme de formation confirmé | Création 2021 (élargissement étendu) | Hors IDF (31),liquidation judiciaire (entreprise fermée),2025-12-07,https://annuaire-entreprises.data.gouv.fr/entreprise/902935964,élevé - entreprise fermée administrativement
B,CDR CENTRE DE FORMATION (POINT CODE 02),CDR CENTRE DE FORMATION,901391375,90139137500010,2021,https://annuaire-entreprises.data.gouv.fr/entreprise/901391375,BEZU-SAINT-GERMAIN,02,Hauts-de-France,https://annuaire-entreprises.data.gouv.fr/entreprise/901391375,,OF,presentiel,,Anniss Abdallaoui,Gérant,,,,API recherche-entreprises.api.gouv.fr (SIREN 901391375),"Création 2021 (hors critère strict 2023+, inclus car en difficulté)",70,Organisme de formation confirmé | Création 2021 (élargissement étendu) | Hors IDF (02),liquidation judiciaire (entreprise fermée),2025-09-08,https://annuaire-entreprises.data.gouv.fr/entreprise/901391375,élevé - entreprise fermée administrativement
B,CENTRE DE FORMATIONS BS,CENTRE DE FORMATIONS BS,908227614,90822761400025,2021,https://annuaire-entreprises.data.gouv.fr/entreprise/908227614,ENTRECASTEAUX,83,Provence-Alpes-Côte d'Azur,https://annuaire-entreprises.data.gouv.fr/entreprise/908227614,,OF,presentiel,,Beatrice Sagnet,Liquidateur,,,,API recherche-entreprises.api.gouv.fr (SIREN 908227614),"Création 2021 (hors critère strict 2023+, inclus car en difficulté)",70,Organisme de formation confirmé | Création 2021 (élargissement étendu) | Hors IDF (83),liquidation judiciaire (entreprise fermée),2023-10-31,https://annuaire-entreprises.data.gouv.fr/entreprise/908227614,élevé - entreprise fermée administrativement
B,CENTRE DE FORMATION C.A.C.E.S.,CENTRE DE FORMATION C.A.C.E.S.,891989915,89198991500022,2020,https://annuaire-entreprises.data.gouv.fr/entreprise/891989915,SAINT-GENEST-MALIFAUX,42,Auvergne-Rhône-Alpes,https://annuaire-entreprises.data.gouv.fr/entreprise/891989915,,OF,presentiel,,Laurent Lavastre,Président de SAS,,,,API recherche-entreprises.api.gouv.fr (SIREN 891989915),"Création 2020 (hors critère strict 2023+, inclus car en difficulté)",70,Organisme de formation confirmé | Création 2020 (élargissement étendu) | Hors IDF (42),liquidation judiciaire (entreprise fermée),2025-12-02,https://annuaire-entreprises.data.gouv.fr/entreprise/891989915,élevé - entreprise fermée administrativement
B,GROUPEMENT PROFESSIONNEL DE FORMATION (GPF NORMANDIE),GROUPEMENT PROFESSIONNEL DE FORMATION,883217986,88321798600016,2020,https://annuaire-entreprises.data.gouv.fr/entreprise/883217986,LOUVIERS,27,Normandie,https://annuaire-entreprises.data.gouv.fr/entreprise/883217986,,OF,inconnu,,Julie Barrelas pires,Directeur Général,,,,API recherche-entreprises.api.gouv.fr (SIREN 883217986),"Création 2020 (hors critère strict 2023+, inclus car en difficulté)",70,Organisme de formation confirmé | Création 2020 (élargissement étendu) | Hors IDF (27),liquidation judiciaire (entreprise fermée),2022-02-24,https://annuaire-entreprises.data.gouv.fr/entreprise/883217986,élevé - entreprise fermée administrativement
B,POLE PROFESSIONNEL DE FORMATION,POLE PROFESSIONNEL DE FORMATION,903038826,90303882600017,2021,https://annuaire-entreprises.data.gouv.fr/entreprise/903038826,VALENCE,26,Auvergne-Rhône-Alpes,https://annuaire-entreprises.data.gouv.fr/entreprise/903038826,,OF,inconnu,,Eric Humbert,Liquidateur,,,,API recherche-entreprises.api.gouv.fr (SIREN 903038826),"Création 2021 (hors critère strict 2023+, inclus car en difficulté)",70,Organisme de formation confirmé | Création 2021 (élargissement étendu) | Hors IDF (26),liquidation judiciaire (entreprise fermée),2022-10-31,https://annuaire-entreprises.data.gouv.fr/entreprise/903038826,élevé - entreprise fermée administrativement
B,INSTITUT PROFESSIONNEL DE FORMATION CORSE (IPFC),INSTITUT PROFESSIONNEL DE FORMATION CORSE,890328453,89032845300026,2020,https://annuaire-entreprises.data.gouv.fr/entreprise/890328453,AJACCIO,2A,Corse,https://annuaire-entreprises.data.gouv.fr/entreprise/890328453,,OF,inconnu,,Alexandre Rossi,Président de SAS,,,,API recherche-entreprises.api.gouv.fr (SIREN 890328453),"Création 2020 (hors critère strict 2023+, inclus car en difficulté)",70,Organisme de formation confirmé | Création 2020 (élargissement étendu) | Hors IDF (2A),liquidation judiciaire (entreprise fermée),2025-07-10,https://annuaire-entreprises.data.gouv.fr/entreprise/890328453,élevé - entreprise fermée administrativement
B,ORGANISME DE FORMATION EQUITE (EQUITE),ORGANISME DE FORMATION EQUITE,902194372,90219437200014,2021,https://annuaire-entreprises.data.gouv.fr/entreprise/902194372,SCHILTIGHEIM,67,Grand Est,https://annuaire-entreprises.data.gouv.fr/entreprise/902194372,,OF,inconnu,,Habiba Zenibou,Liquidateur,,,,API recherche-entreprises.api.gouv.fr (SIREN 902194372),"Création 2021 (hors critère strict 2023+, inclus car en difficulté)",70,Organisme de formation confirmé | Création 2021 (élargissement étendu) | Hors IDF (67),liquidation judiciaire (entreprise fermée),2023-08-31,https://annuaire-entreprises.data.gouv.fr/entreprise/902194372,élevé - entreprise fermée administrativement
B,ORGANISME DE FORMATION AU PRE DU BOIS,ORGANISME DE FORMATION AU PRE DU BOIS,887959377,88795937700011,2020,https://annuaire-entreprises.data.gouv.fr/entreprise/887959377,AMFREVILLE-LA-MI-VOIE,76,Normandie,https://annuaire-entreprises.data.gouv.fr/entreprise/887959377,,OF,inconnu,,Cindy Ardevol,Gérant,,,,API recherche-entreprises.api.gouv.fr (SIREN 887959377),"Création 2020 (hors critère strict 2023+, inclus car en difficulté)",70,Organisme de formation confirmé | Création 2020 (élargissement étendu) | Hors IDF (76),liquidation judiciaire (entreprise fermée),2022-09-13,https://annuaire-entreprises.data.gouv.fr/entreprise/887959377,élevé - entreprise fermée administrativement
B,ORGANISME DE FORMATION SECOURISME INCENDIE PREVENTION (OFSIP) (OFSIP),ORGANISME DE FORMATION SECOURISME INCENDIE PREVENTION,903723427,90372342700014,2021,https://annuaire-entreprises.data.gouv.fr/entreprise/903723427,NEUFCHEF,57,Grand Est,https://annuaire-entreprises.data.gouv.fr/entreprise/903723427,,OF,inconnu,,Sebastien Mantione,Liquidateur,,,,API recherche-entreprises.api.gouv.fr (SIREN 903723427),"Création 2021 (hors critère strict 2023+, inclus car en difficulté)",70,Organisme de formation confirmé | Création 2021 (élargissement étendu) | Hors IDF (57),liquidation judiciaire (entreprise fermée),2024-04-05,https://annuaire-entreprises.data.gouv.fr/entreprise/903723427,élevé - entreprise fermée administrativement
B,ORGANISME DE FORMATION A DISTANCE POUR LE COMMERCE ET LA GESTION (OFDCG),ORGANISME DE FORMATION A DISTANCE POUR LE COMMERCE ET LA GESTION,893152355,89315235500010,2021,https://annuaire-entreprises.data.gouv.fr/entreprise/893152355,LILLE,59,Hauts-de-France,https://annuaire-entreprises.data.gouv.fr/entreprise/893152355,,OF,distanciel,Mot-clé dans le nom suggère distanciel,Remi Keuleyan,Liquidateur,,,,API recherche-entreprises.api.gouv.fr (SIREN 893152355),"Création 2021 (hors critère strict 2023+, inclus car en difficulté)",70,Organisme de formation confirmé | Création 2021 (élargissement étendu) | Hors IDF (59),liquidation judiciaire (entreprise fermée),2021-09-30,https://annuaire-entreprises.data.gouv.fr/entreprise/893152355,élevé - entreprise fermée administrativement
B,"O-FORMEL, ORGANISME DE FORMATION DES ELUS LOCAUX (O-FORMEL, ORGANISME DE FORMATION DES ELUS LOCAUX) (O-FORMEL)","O-FORMEL, ORGANISME DE FORMATION DES ELUS LOCAUX",884747643,88474764300010,2020,https://annuaire-entreprises.data.gouv.fr/entreprise/884747643,LA ROCHE-VINEUSE,71,Bourgogne-Franche-Comté,https://annuaire-entreprises.data.gouv.fr/entreprise/884747643,,OF,inconnu,,Francois Moncomble,Liquidateur,,,,API recherche-entreprises.api.gouv.fr (SIREN 884747643),"Création 2020 (hors critère strict 2023+, inclus car en difficulté)",70,Organisme de formation confirmé | Création 2020 (élargissement étendu) | Hors IDF (71),liquidation judiciaire (entreprise fermée),2023-06-09,https://annuaire-entreprises.data.gouv.fr/entreprise/884747643,élevé - entreprise fermée administrativement
B,INSTITUT DE FORMATION DES MASCAREIGNES (I.F.M),INSTITUT DE FORMATION DES MASCAREIGNES,905370144,90537014400016,2021,https://annuaire-entreprises.data.gouv.fr/entreprise/905370144,SAINT-DENIS,974,La Réunion,https://annuaire-entreprises.data.gouv.fr/entreprise/905370144,,OF,inconnu,,Charlotte Dorseuil,Président de SAS,,,,API recherche-entreprises.api.gouv.fr (SIREN 905370144),"Création 2021 (hors critère strict 2023+, inclus car en difficulté)",70,Organisme de formation confirmé | Création 2021 (élargissement étendu) | Hors IDF (974),liquidation judiciaire (entreprise fermée),2025-11-05,https://annuaire-entreprises.data.gouv.fr/entreprise/905370144,élevé - entreprise fermée administrativement
B,SCOP INSTEP,SCOP INSTEP,404874273,,1996,https://www.pappers.fr/entreprise/scop-instep-404874273,LILLE,59,Hauts-de-France,https://annuaire-entreprises.data.gouv.fr/entreprise/404874273,,OF,presentiel,Organisme de formation avec locaux physiques,Eric Thoilliez,Président du CA,,,,https://www.pappers.fr/entreprise/scop-instep-404874273,"200-249 salariés, CA 11,19M EUR, 45 établissements, résultat net -1,3M EUR",65,OF confirmé | Hors IDF (59) | Dirigeant: Président du CA,redressement puis plan de cession puis liquidation judiciaire,2024-12-17,https://www.pappers.fr/entreprise/scop-instep-404874273,"élevé - liquidation prononcée, plan de cession acté"
B,ACTIV FORMATIONS,ACTIV FORMATIONS,424148401,,1999,https://www.pappers.fr/entreprise/activ-formations-accueil-telemarketing-informatique-vente-424148401,GRASSE,06,Provence-Alpes-Côte d'Azur,https://annuaire-entreprises.data.gouv.fr/entreprise/424148401,,OF,presentiel,Organisme de formation avec locaux physiques,Habiba Ounaha,Gérante,,,,https://www.pappers.fr/entreprise/activ-formations-accueil-telemarketing-informatique-vente-424148401,"6 salariés, CA 472k EUR, capital 7622 EUR",65,OF confirmé | Hors IDF (06) | Dirigeant: Gérante,redressement puis liquidation judiciaire,2025-04-09,https://www.pappers.fr/entreprise/activ-formations-accueil-telemarketing-informatique-vente-424148401,élevé - liquidation prononcée
B,CENTRE DE FORMATION DE LA RENOVATION ENERGETIQUE,CENTRE DE FORMATION DE LA RENOVATION ENERGETIQUE,824451108,,2017,https://repreneurs.com/824451108-centre-de-formation-de-la-renovation-energetique,LIMOGES,87,Nouvelle-Aquitaine,https://annuaire-entreprises.data.gouv.fr/entreprise/824451108,,OF,presentiel,Organisme de formation avec locaux physiques,Mamadou Tounkara,Président,,,,https://repreneurs.com/824451108-centre-de-formation-de-la-renovation-energetique,"Ex-MaFenetre, capital 10k EUR",65,OF confirmé | Hors IDF (87) | Dirigeant: Président,liquidation judiciaire simplifiée,2024-09-11,https://repreneurs.com/824451108-centre-de-formation-de-la-renovation-energetique,"élevé - liquidation simplifiée, 0 salarié"
B,FRANCE FORMATIONS PROFESSIONNELLES (FFP),FRANCE FORMATIONS PROFESSIONNELLES,831891973,,2017,https://www.societe.com/societe/france-formations-professionnelles-831891973.html,THIERS,63,Auvergne-Rhône-Alpes,https://annuaire-entreprises.data.gouv.fr/entreprise/831891973,,OF,presentiel,Organisme de formation avec locaux physiques,Sébastien Vuidot,Président,,,,https://www.societe.com/societe/france-formations-professionnelles-831891973.html,Capital 1000 EUR,65,OF confirmé | Hors IDF (63) | Dirigeant: Président,redressement puis liquidation judiciaire,2023-03-23,https://www.societe.com/societe/france-formations-professionnelles-831891973.html,élevé - inactive depuis mars 2023
B,FEDERATION FRANCAISE DES FORMATIONS PROFESSIONNELLES (FFFP),FFFP,853877637,,2019,https://www.societe.com/societe/federation-francaise-des-formations-professionnelles-fffp-853877637.html,VILLEURBANNE,69,Auvergne-Rhône-Alpes,https://annuaire-entreprises.data.gouv.fr/entreprise/853877637,,OF,presentiel,Organisme de formation avec locaux physiques,Levana Halimi,Présidente,,,,https://www.societe.com/societe/federation-francaise-des-formations-professionnelles-fffp-853877637.html,,65,OF confirmé | Hors IDF (69) | Dirigeant: Présidente,liquidation judiciaire simplifiée,2025-07-22,https://www.societe.com/societe/federation-francaise-des-formations-professionnelles-fffp-853877637.html,élevé - liquidation simplifiée prononcée
B,AKENE FORMATION,AKENE FORMATION,414470377,41447037700022,1997,https://annuaire-entreprises.data.gouv.fr/entreprise/414470377,ECUVILLY,60,Hauts-de-France,https://annuaire-entreprises.data.gouv.fr/entreprise/414470377,,OF,inconnu,,Beatrice Pilet (harent),Liquidateur,,,,API recherche-entreprises.api.gouv.fr (SIREN 414470377),Création 1997 (élargi car Liste B insuffisante),65,Organisme de formation confirmé | Hors IDF (60) | Dirigeant: Liquidateur,liquidation judiciaire (entreprise fermée),2018-12-31,https://annuaire-entreprises.data.gouv.fr/entreprise/414470377,élevé - entreprise fermée administrativement
B,VAR FORMATION,VAR FORMATION,521689042,52168904200013,2010,https://annuaire-entreprises.data.gouv.fr/entreprise/521689042,COGOLIN,83,Provence-Alpes-Côte d'Azur,https://annuaire-entreprises.data.gouv.fr/entreprise/521689042,,OF,inconnu,,Sophie Gobin (bimbot),Liquidateur,,,,API recherche-entreprises.api.gouv.fr (SIREN 521689042),Création 2010 (élargi car Liste B insuffisante),65,Organisme de formation confirmé | Hors IDF (83) | Dirigeant: Liquidateur,liquidation judiciaire (entreprise fermée),2019-01-01,https://annuaire-entreprises.data.gouv.fr/entreprise/521689042,élevé - entreprise fermée administrativement
B,ROCH FORMATION,ROCH FORMATION,522106343,52210634300018,2010,https://annuaire-entreprises.data.gouv.fr/entreprise/522106343,CONNAUX,30,Occitanie,https://annuaire-entreprises.data.gouv.fr/entreprise/522106343,,OF,inconnu,,Laetitia Roch,Gérant,,,,API recherche-entreprises.api.gouv.fr (SIREN 522106343),Création 2010 (élargi car Liste B insuffisante),65,Organisme de formation confirmé | Hors IDF (30) | Dirigeant: Gérant,liquidation judiciaire (entreprise fermée),2019-03-31,https://annuaire-entreprises.data.gouv.fr/entreprise/522106343,élevé - entreprise fermée administrativement
B,AB FORMATION,AB FORMATION,522398668,52239866800023,2010,https://annuaire-entreprises.data.gouv.fr/entreprise/522398668,IFS,14,Normandie,https://annuaire-entreprises.data.gouv.fr/entreprise/522398668,,OF,inconnu,,Cyril Mastromichele,Liquidateur,,,,API recherche-entreprises.api.gouv.fr (SIREN 522398668),Création 2010 (élargi car Liste B insuffisante),65,Organisme de formation confirmé | Hors IDF (14) | Dirigeant: Liquidateur,liquidation judiciaire (entreprise fermée),2018-02-28,https://annuaire-entreprises.data.gouv.fr/entreprise/522398668,élevé - entreprise fermée administrativement
B,ABSO FORMATION,ABSO FORMATION,522597475,52259747500014,2010,https://annuaire-entreprises.data.gouv.fr/entreprise/522597475,MONTPELLIER,34,Occitanie,https://annuaire-entreprises.data.gouv.fr/entreprise/522597475,,OF,inconnu,,Patrick Chanudet,Gérant,,,,API recherche-entreprises.api.gouv.fr (SIREN 522597475),Création 2010 (élargi car Liste B insuffisante),65,Organisme de formation confirmé | Hors IDF (34) | Dirigeant: Gérant,liquidation judiciaire (entreprise fermée),2021-09-22,https://annuaire-entreprises.data.gouv.fr/entreprise/522597475,élevé - entreprise fermée administrativement
B,OPTIMUM FORMATION,OPTIMUM FORMATION,410184659,41018465900036,1996,https://annuaire-entreprises.data.gouv.fr/entreprise/410184659,SAINT-DENIS,974,La Réunion,https://annuaire-entreprises.data.gouv.fr/entreprise/410184659,,OF,inconnu,,Marie Inguehe epouse lecocq,Gérant,,,,API recherche-entreprises.api.gouv.fr (SIREN 410184659),Création 1996 (élargi car Liste B insuffisante),65,Organisme de formation confirmé | Hors IDF (974) | Dirigeant: Gérant,liquidation judiciaire (entreprise fermée),2019-07-23,https://annuaire-entreprises.data.gouv.fr/entreprise/410184659,élevé - entreprise fermée administrativement
B,LT FORMATIONS,LT FORMATIONS,510220254,51022025400021,2009,https://annuaire-entreprises.data.gouv.fr/entreprise/510220254,VERRIERES-EN-ANJOU,49,Pays de la Loire,https://annuaire-entreprises.data.gouv.fr/entreprise/510220254,,OF,inconnu,,Patrick Bodin,Liquidateur,,,,API recherche-entreprises.api.gouv.fr (SIREN 510220254),Création 2009 (élargi car Liste B insuffisante),65,Organisme de formation confirmé | Hors IDF (49) | Dirigeant: Liquidateur,liquidation judiciaire (entreprise fermée),2014-11-18,https://annuaire-entreprises.data.gouv.fr/entreprise/510220254,élevé - entreprise fermée administrativement
B,EOS FORMATION,EOS FORMATION,510606346,51060634600029,2009,https://annuaire-entreprises.data.gouv.fr/entreprise/510606346,TOURCOING,59,Hauts-de-France,https://annuaire-entreprises.data.gouv.fr/entreprise/510606346,,OF,inconnu,,Fabien Descamps,Liquidateur,,,,API recherche-entreprises.api.gouv.fr (SIREN 510606346),Création 2009 (élargi car Liste B insuffisante),65,Organisme de formation confirmé | Hors IDF (59) | Dirigeant: Liquidateur,liquidation judiciaire (entreprise fermée),2023-04-28,https://annuaire-entreprises.data.gouv.fr/entreprise/510606346,élevé - entreprise fermée administrativement
B,MSL FORMATION (MSL FORMATION),MSL FORMATION,510798911,51079891100010,2009,https://annuaire-entreprises.data.gouv.fr/entreprise/510798911,ASNELLES,14,Normandie,https://annuaire-entreprises.data.gouv.fr/entreprise/510798911,,OF,inconnu,,Marc Lefebvre,Liquidateur,,,,API recherche-entreprises.api.gouv.fr (SIREN 510798911),Création 2009 (élargi car Liste B insuffisante),65,Organisme de formation confirmé | Hors IDF (14) | Dirigeant: Liquidateur,liquidation judiciaire (entreprise fermée),2020-12-31,https://annuaire-entreprises.data.gouv.fr/entreprise/510798911,élevé - entreprise fermée administrativement
B,EXALAB FORMATION,EXALAB FORMATION,510955610,51095561000025,2009,https://annuaire-entreprises.data.gouv.fr/entreprise/510955610,MARSEILLE 13,13,Provence-Alpes-Côte d'Azur,https://annuaire-entreprises.data.gouv.fr/entreprise/510955610,,OF,inconnu,,Joel De rosa,Liquidateur,,,,API recherche-entreprises.api.gouv.fr (SIREN 510955610),Création 2009 (élargi car Liste B insuffisante),65,Organisme de formation confirmé | Hors IDF (13) | Dirigeant: Liquidateur,liquidation judiciaire (entreprise fermée),2021-12-31,https://annuaire-entreprises.data.gouv.fr/entreprise/510955610,élevé - entreprise fermée administrativement
B,ILEA FORMATION,ILEA FORMATION,512137225,51213722500011,2009,https://annuaire-entreprises.data.gouv.fr/entreprise/512137225,FURIANI,2B,Corse,https://annuaire-entreprises.data.gouv.fr/entreprise/512137225,,OF,inconnu,,Eric Gane,Président de SAS,,,,API recherche-entreprises.api.gouv.fr (SIREN 512137225),Création 2009 (élargi car Liste B insuffisante),65,Organisme de formation confirmé | Hors IDF (2B) | Dirigeant: Président de SAS,liquidation judiciaire (entreprise fermée),2024-10-10,https://annuaire-entreprises.data.gouv.fr/entreprise/512137225,élevé - entreprise fermée administrativement
B,SECURISPACE FORMATION,SECURISPACE FORMATION,512474933,51247493300011,2009,https://annuaire-entreprises.data.gouv.fr/entreprise/512474933,BULHON,63,Auvergne-Rhône-Alpes,https://annuaire-entreprises.data.gouv.fr/entreprise/512474933,,OF,inconnu,,Serge Germe,Liquidateur,,,,API recherche-entreprises.api.gouv.fr (SIREN 512474933),Création 2009 (élargi car Liste B insuffisante),65,Organisme de formation confirmé | Hors IDF (63) | Dirigeant: Liquidateur,liquidation judiciaire (entreprise fermée),2023-10-27,https://annuaire-entreprises.data.gouv.fr/entreprise/512474933,élevé - entreprise fermée administrativement
B,BAS FORMATION,BAS FORMATION,513552596,51355259600019,2009,https://annuaire-entreprises.data.gouv.fr/entreprise/513552596,TOULON,83,Provence-Alpes-Côte d'Azur,https://annuaire-entreprises.data.gouv.fr/entreprise/513552596,,OF,inconnu,,Michel Bergeyron,Gérant,,,,API recherche-entreprises.api.gouv.fr (SIREN 513552596),Création 2009 (élargi car Liste B insuffisante),65,Organisme de formation confirmé | Hors IDF (83) | Dirigeant: Gérant,liquidation judiciaire (entreprise fermée),2019-04-30,https://annuaire-entreprises.data.gouv.fr/entreprise/513552596,élevé - entreprise fermée administrativement
B,FRANCE FORMATION,FRANCE FORMATION,519306187,51930618700013,2010,https://annuaire-entreprises.data.gouv.fr/entreprise/519306187,SALAISE-SUR-SANNE,38,Auvergne-Rhône-Alpes,https://annuaire-entreprises.data.gouv.fr/entreprise/519306187,,OF,inconnu,,France Finand (bailly),Gérant,,,,API recherche-entreprises.api.gouv.fr (SIREN 519306187),Création 2010 (élargi car Liste B insuffisante),65,Organisme de formation confirmé | Hors IDF (38) | Dirigeant: Gérant,liquidation judiciaire (entreprise fermée),2018-04-26,https://annuaire-entreprises.data.gouv.fr/entreprise/519306187,élevé - entreprise fermée administrativement
B,CREA FORMATION,CREA FORMATION,520016403,52001640300013,2010,https://annuaire-entreprises.data.gouv.fr/entreprise/520016403,SALON-DE-PROVENCE,13,Provence-Alpes-Côte d'Azur,https://annuaire-entreprises.data.gouv.fr/entreprise/520016403,,OF,inconnu,,Franck Lorusso,Liquidateur,,,,API recherche-entreprises.api.gouv.fr (SIREN 520016403),Création 2010 (élargi car Liste B insuffisante),65,Organisme de formation confirmé | Hors IDF (13) | Dirigeant: Liquidateur,liquidation judiciaire (entreprise fermée),2022-09-30,https://annuaire-entreprises.data.gouv.fr/entreprise/520016403,élevé - entreprise fermée administrativement
B,NDA FORMATION,NDA FORMATION,520653635,52065363500018,2010,https://annuaire-entreprises.data.gouv.fr/entreprise/520653635,JOUE-LES-TOURS,37,Centre-Val de Loire,https://annuaire-entreprises.data.gouv.fr/entreprise/520653635,,OF,inconnu,,Philippe Lebot,Gérant,,,,API recherche-entreprises.api.gouv.fr (SIREN 520653635),Création 2010 (élargi car Liste B insuffisante),65,Organisme de formation confirmé | Hors IDF (37) | Dirigeant: Gérant,liquidation judiciaire (entreprise fermée),2016-12-31,https://annuaire-entreprises.data.gouv.fr/entreprise/520653635,élevé - entreprise fermée administrativement
B,ALLIANCE FORMATION,ALLIANCE FORMATION,520677311,52067731100018,2010,https://annuaire-entreprises.data.gouv.fr/entreprise/520677311,VANDŒUVRE-LES-NANCY,54,Grand Est,https://annuaire-entreprises.data.gouv.fr/entreprise/520677311,,OF,inconnu,,Kathia Hadji,Gérant,,,,API recherche-entreprises.api.gouv.fr (SIREN 520677311),Création 2010 (élargi car Liste B insuffisante),65,Organisme de formation confirmé | Hors IDF (54) | Dirigeant: Gérant,liquidation judiciaire (entreprise fermée),2025-07-22,https://annuaire-entreprises.data.gouv.fr/entreprise/520677311,élevé - entreprise fermée administrativement
B,IDEM FORMATION,IDEM FORMATION,441939964,44193996400025,2002,https://annuaire-entreprises.data.gouv.fr/entreprise/441939964,AUBAGNE,13,Provence-Alpes-Côte d'Azur,https://annuaire-entreprises.data.gouv.fr/entreprise/441939964,,OF,inconnu,,Isabelle Caunac,Gérant,,,,API recherche-entreprises.api.gouv.fr (SIREN 441939964),Création 2002 (élargi car Liste B insuffisante),65,Organisme de formation confirmé | Hors IDF (13) | Dirigeant: Gérant,liquidation judiciaire (entreprise fermée),2022-11-21,https://annuaire-entreprises.data.gouv.fr/entreprise/441939964,élevé - entreprise fermée administrativement
B,1FOGENIE FORMATION,1FOGENIE FORMATION,479945495,47994549500022,2004,https://annuaire-entreprises.data.gouv.fr/entreprise/479945495,LA CHATRE,36,Centre-Val de Loire,https://annuaire-entreprises.data.gouv.fr/entreprise/479945495,,OF,inconnu,,Yoann Cuaz,Gérant,,,,API recherche-entreprises.api.gouv.fr (SIREN 479945495),Création 2004 (élargi car Liste B insuffisante),65,Organisme de formation confirmé | Hors IDF (36) | Dirigeant: Gérant,liquidation judiciaire (entreprise fermée),2017-12-31,https://annuaire-entreprises.data.gouv.fr/entreprise/479945495,élevé - entreprise fermée administrativement
B,SCHOLAR FAB ENTREPRISE,SCHOLAR FAB ENTREPRISE,780714077,,2002,https://www.pappers.fr/entreprise/scholar-fab-entreprise-780714077,CAEN,14,Normandie,https://annuaire-entreprises.data.gouv.fr/entreprise/780714077,,CFA+OF,presentiel,Organisme de formation avec locaux physiques,,,,,,,"Ex-Aden Formations, 100-199 salariés, 101 licenciements",60,CFA/CFA+OF identifié | Hors IDF (14) | Source vérifiée (Pappers/Societe.com),redressement judiciaire puis liquidation judiciaire,2024-07-24,https://www.pappers.fr/entreprise/scholar-fab-entreprise-780714077,"élevé - liquidation prononcée, cession réalisée (Aftral, E2SE, 3IFA)"
B,SCHOLAR FAB ORGANISATION,SCHOLAR FAB ORGANISATION,444922389,,2002,https://www.societe.com/societe/scholar-fab-organisation-444922389.html,CAEN,14,Normandie,https://annuaire-entreprises.data.gouv.fr/entreprise/444922389,,CFA+OF,presentiel,Organisme de formation avec locaux physiques,,,,,,,"200-249 salariés, capital 100k EUR",60,CFA/CFA+OF identifié | Hors IDF (14) | Source vérifiée (Pappers/Societe.com),liquidation judiciaire,2024-07-24,https://www.societe.com/societe/scholar-fab-organisation-444922389.html,élevé - cession au profit de Via Formation
B,ASSOCIATION POLE ALTERNANCE FORMATION,POLE ALTERNANCE FORMATION,818454969,,2016,https://www.pappers.fr/entreprise/pole-alternance-formation-818454969,LA CLAYETTE,71,Bourgogne-Franche-Comté,https://annuaire-entreprises.data.gouv.fr/entreprise/818454969,,CFA+OF,presentiel,Organisme de formation avec locaux physiques,,,,,,,"Formation continue, conseil, audit, alternance",60,CFA/CFA+OF identifié | Hors IDF (71) | Source vérifiée (Pappers/Societe.com),liquidation judiciaire,2023-07-06,https://www.pappers.fr/entreprise/pole-alternance-formation-818454969,élevé - liquidation depuis juillet 2023
B,AF FORMATION,AF FORMATION,913510129,,2022,https://www.pappers.fr/entreprise/af-formation-913510129,SAINT-ETIENNE,42,Auvergne-Rhône-Alpes,https://annuaire-entreprises.data.gouv.fr/entreprise/913510129,,OF,presentiel,Organisme de formation avec locaux physiques,,,,,,,"Formation, coaching, événementiel, conseil",60,OF confirmé | Création 2022 | Hors IDF (42),liquidation judiciaire,2025-05-28,https://www.pappers.fr/entreprise/af-formation-913510129,élevé - liquidation directe
B,LA FLAMBEE PRODUCTIONS / INSTITUT NATIONAL DU MUSICAL,LF PRODUCTIONS,403403884,,1998,https://www.francebleu.fr/infos/economie-social/la-flambee-productions-est-mise-en-liquidation-judiciaire-mais-l-activite-est-reprise-4356540,LE MANS,72,Pays de la Loire,https://annuaire-entreprises.data.gouv.fr/entreprise/403403884,,CFA+OF,presentiel,Organisme de formation avec locaux physiques,,,,,,,"11-50 salariés, 27 apprentis, Institut National du Musical",60,CFA/CFA+OF identifié | Hors IDF (72) | Source vérifiée (Pappers/Societe.com),redressement puis liquidation judiciaire avec plan de cession,2024-11-18,https://www.francebleu.fr/infos/economie-social/la-flambee-productions-est-mise-en-liquidation-judiciaire-mais-l-activite-est-reprise-4356540,"moyen - reprise réalisée par Prod to Be, dettes 800k EUR effacées"
B,IFRIA CENTRE-VAL DE LOIRE,IFRIA CENTRE-VAL DE LOIRE,834669285,,2017,https://www.societe.com/societe/institut-de-formation-regional-des-industries-alimentaires-centre-val-de-loire-834669285.html,ORLEANS,45,Centre-Val de Loire,https://annuaire-entreprises.data.gouv.fr/entreprise/834669285,,CFA,presentiel,Organisme de formation avec locaux physiques,,,,,,,"Formation industries alimentaires, ouverture LJ 11/09/2020",60,CFA/CFA+OF identifié | Hors IDF (45) | Source vérifiée (Pappers/Societe.com),liquidation judiciaire (clôture insuffisance actif),2024-09-13,https://www.societe.com/societe/institut-de-formation-regional-des-industries-alimentaires-centre-val-de-loire-834669285.html,élevé - clôture pour insuffisance d'actif
B,ECOLE 42 NICE (Association 42NICE),42NICE,880751599,,2020,https://france3-regions.franceinfo.fr/provence-alpes-cote-d-azur/alpes-maritimes/nice/placee-en-liquidation-judiciaire-l-ecole-42-de-nice-redemarre-et-fera-sa-rentree-en-janvier-2888258.html,NICE,06,Provence-Alpes-Côte d'Azur,https://annuaire-entreprises.data.gouv.fr/entreprise/880751599,,OF,presentiel,Organisme de formation avec locaux physiques,,,,,,,"Financements publics 1,9M EUR, reprise sous nouvelle gouvernance",55,OF confirmé | Création 2020 | Hors IDF (06),redressement puis liquidation judiciaire,2023-07-24,https://france3-regions.franceinfo.fr/provence-alpes-cote-d-azur/alpes-maritimes/nice/placee-en-liquidation-judiciaire-l-ecole-42-de-nice-redemarre-et-fera-sa-rentree-en-janvier-2888258.html,moyen - liquidation prononcée mais reprise par CCI/Région
B,COPERNIC FORMATION,COPERNIC FORMATION,530877216,,2011,https://www.pappers.fr/entreprise/copernic-formation-530877216,SAINT-ETIENNE,42,Auvergne-Rhône-Alpes,https://annuaire-entreprises.data.gouv.fr/entreprise/530877216,,OF,presentiel,Organisme de formation avec locaux physiques,,,,,,,"Formations informatiques, ouverture LJ 31/07/2024",50,OF confirmé | Hors IDF (42) | Source vérifiée (Pappers/Societe.com),liquidation judiciaire (clôture insuffisance actif),2026-01-21,https://www.pappers.fr/entreprise/copernic-formation-530877216,élevé - clôture pour insuffisance d'actif
B,2L FORMATIONS,2L FORMATIONS,797390721,,2013,https://repreneurs.com/797390721-2l-formations,TOULOUSE,31,Occitanie,https://annuaire-entreprises.data.gouv.fr/entreprise/797390721,,OF,presentiel,Organisme de formation avec locaux physiques,,,,,,,Cessation paiements 12/12/2023,50,OF confirmé | Hors IDF (31) | Source vérifiée (Pappers/Societe.com),liquidation judiciaire simplifiée,2024-01-18,https://repreneurs.com/797390721-2l-formations,élevé - liquidation simplifiée
B,ADAPECO,ADAPECO,794576991,,2013,https://www.societe.com/societe/adapeco-794576991.html,SAINT-LAURENT-BLANGY,62,Hauts-de-France,https://annuaire-entreprises.data.gouv.fr/entreprise/794576991,,OF,presentiel,Organisme de formation avec locaux physiques,,,,,,,"20-49 salariés, formation et insertion professionnelle",50,OF confirmé | Hors IDF (62) | Source vérifiée (Pappers/Societe.com),liquidation judiciaire,2026-01-25,https://www.societe.com/societe/adapeco-794576991.html,moyen - liquidation très récente (janvier 2026)
B,CEFIM (CENTRE EUROPEEN DE FORMATION INFORMATIQUE ET MULTIMEDIA),CEFIM,753014745,,2012,https://www.societe.com/societe/cefim-centre-europeen-de-formation-informatique-et-multimedia-753014745.html,TOURS,37,Centre-Val de Loire,https://annuaire-entreprises.data.gouv.fr/entreprise/753014745,,OF,presentiel,Organisme de formation avec locaux physiques,,,,,,,"Capital 1050 EUR, cessation paiements 31/05/2025",50,OF confirmé | Hors IDF (37) | Source vérifiée (Pappers/Societe.com),sauvegarde puis redressement puis liquidation judiciaire,2025-07-31,https://www.societe.com/societe/cefim-centre-europeen-de-formation-informatique-et-multimedia-753014745.html,élevé - liquidation prononcée après sauvegarde
B,OFIAQ,ORGANISME DE FORMATION POUR L'INSERTION L'ACCOMPAGNEMENT ET LA QUALIFICATION,538332784,,2011,https://www.societe.com/societe/organisme-de-formation-pour-l-insertion-l-accompagnement-et-la-qualification-538332784.html,MONTPELLIER,34,Occitanie,https://annuaire-entreprises.data.gouv.fr/entreprise/538332784,,OF,presentiel,Organisme de formation avec locaux physiques,,,,,,,"7 établissements dont 3 actifs, Qualiopi",50,OF confirmé | Hors IDF (34) | Source vérifiée (Pappers/Societe.com),procédure de sauvegarde,2025-03,https://www.societe.com/societe/organisme-de-formation-pour-l-insertion-l-accompagnement-et-la-qualification-538332784.html,faible - sauvegarde (pas encore en liquidation)
